,Name,Original_price,Offer_price,Star_rating,Total_rating,Total_review,RAM,ROM,Expandable_memory,Display,Front_camera,Back_camera,Battery_mah,Processor,Image_url
0,"SAMSUNG Galaxy F13 (Nightsky Green, 64 GB)",14999,9699,4.4,126570,7362,4 GB RAM , 64 GB ROM , Expandable Upto 1 TB,16.76 cm (6.6 inch) Full HD+ Display, 8MP Front Camera,50MP + 5MP + 2MP ,6000,Exynos 850 Processor,https://rukminim1.flixcart.com/image/312/312/xif0q/mobile/a/i/v/-original-imagfhu6bdzhnmkz.jpeg?q=70
1,"POCO C50 (Country Green, 32 GB)",8999,5749,4.4,3353,160,2 GB RAM , 32 GB ROM , Expandable Upto 512 GB,16.56 cm (6.52 inch) HD+ Display, 5MP Front Camera,8MP Dual Camera ,5000,"Mediatek Helio A22 Processor, Upto 2.0 GHz Processor",https://rukminim1.flixcart.com/image/312/312/xif0q/mobile/3/l/x/-original-imaghmtcmxwgypsk.jpeg?q=70
2,"POCO C50 (Royal Blue, 32 GB)",8999,5749,4.4,3353,160,2 GB RAM , 32 GB ROM , Expandable Upto 512 GB,16.56 cm (6.52 inch) HD+ Display, 5MP Front Camera,8MP Dual Camera ,5000,"Mediatek Helio A22 Processor, Upto 2.0 GHz Processor",https://rukminim1.flixcart.com/image/312/312/xif0q/mobile/t/a/x/-original-imaghmtch6qfmfxg.jpeg?q=70
3,"SAMSUNG Galaxy F13 (Sunrise Copper, 64 GB)",14999,9699,4.4,126570,7362,4 GB RAM , 64 GB ROM , Expandable Upto 1 TB,16.76 cm (6.6 inch) Full HD+ Display, 8MP Front Camera,50MP + 5MP + 2MP ,6000,Exynos 850 Processor,https://rukminim1.flixcart.com/image/312/312/xif0q/mobile/x/x/s/-original-imagfhu6dcpdnqkh.jpeg?q=70
4,"SAMSUNG Galaxy F13 (Waterfall Blue, 64 GB)",14999,9699,4.4,126570,7362,4 GB RAM , 64 GB ROM , Expandable Upto 1 TB,16.76 cm (6.6 inch) Full HD+ Display, 8MP Front Camera,50MP + 5MP + 2MP ,6000,Exynos 850 Processor,https://rukminim1.flixcart.com/image/312/312/xif0q/mobile/0/8/4/-original-imagfhu75eupxyft.jpeg?q=70
5,"REDMI 10 (Pacific Blue, 64 GB)",14999,9299,4.3,194416,12482,4 GB RAM , 64 GB ROM , Expandable Upto 1 TB,17.02 cm (6.7 inch) HD+ Display, 5MP Front Camera,50MP + 2MP ,6000,Qualcomm Snapdragon 680 Processor,https://rukminim1.flixcart.com/image/312/312/xif0q/mobile/m/q/e/-original-imagk4nz6xgtexam.jpeg?q=70
6,"realme C35 (Glowing Black, 64 GB)",13999,10999,4.4,171600,9872,4 GB RAM , 64 GB ROM , Expandable Upto 1 TB,16.76 cm (6.6 inch) Full HD+ Display, 8MP Front Camera,50MP + 2MP + 0.3MP ,5000,Unisoc Tiger T616 Processor,https://rukminim1.flixcart.com/image/312/312/l0fm07k0/mobile/1/k/g/-original-imagc7ukmgugpdfy.jpeg?q=70
7,"realme C35 (Glowing Green, 64 GB)",13999,10999,4.4,171600,9872,4 GB RAM , 64 GB ROM , Expandable Upto 1 TB,16.76 cm (6.6 inch) Full HD+ Display, 8MP Front Camera,50MP + 2MP + 0.3MP ,5000,Unisoc Tiger T616 Processor,https://rukminim1.flixcart.com/image/312/312/l0fm07k0/mobile/y/g/i/-original-imagc7ryyhrrcgxh.jpeg?q=70
8,"REDMI 10 (Caribbean Green, 64 GB)",14999,9299,4.3,194416,12482,4 GB RAM , 64 GB ROM , Expandable Upto 1 TB,17.02 cm (6.7 inch) HD+ Display, 5MP Front Camera,50MP + 2MP ,6000,Qualcomm Snapdragon 680 Processor,https://rukminim1.flixcart.com/image/312/312/xif0q/mobile/g/p/x/-original-imagk4nz54s7a7rf.jpeg?q=70
9,"realme C35 (Glowing Green, 128 GB)",14999,11999,4.4,171600,9872,4 GB RAM , 128 GB ROM , Expandable Upto 1 TB,16.76 cm (6.6 inch) Full HD+ Display, 8MP Front Camera,50MP + 2MP + 0.3MP ,5000,Unisoc Tiger T616 Processor,https://rukminim1.flixcart.com/image/312/312/l0fm07k0/mobile/y/g/i/-original-imagc7ryyhrrcgxh.jpeg?q=70
10,"SAMSUNG Galaxy F13 (Waterfall Blue, 128 GB)",16999,10699,4.4,126570,7362,4 GB RAM , 128 GB ROM , Expandable Upto 1 TB,16.76 cm (6.6 inch) Full HD+ Display, 8MP Front Camera,50MP + 5MP + 2MP ,6000,Exynos 850 Processor,https://rukminim1.flixcart.com/image/312/312/xif0q/mobile/0/8/4/-original-imagfhu75eupxyft.jpeg?q=70
11,"REDMI 10 (Shadow Black, 64 GB)",14999,9299,4.3,194416,12482,4 GB RAM , 64 GB ROM , Expandable Upto 1 TB,17.02 cm (6.7 inch) HD+ Display, 5MP Front Camera,50MP + 2MP ,6000,Qualcomm Snapdragon 680 Processor,https://rukminim1.flixcart.com/image/312/312/xif0q/mobile/q/g/a/-original-imagndzzegs4guek.jpeg?q=70
12,"REDMI 10 (Midnight Black, 64 GB)",14999,9299,4.3,194416,12482,4 GB RAM , 64 GB ROM , Expandable Upto 1 TB,17.02 cm (6.7 inch) HD+ Display, 5MP Front Camera,50MP + 2MP ,6000,Qualcomm Snapdragon 680 Processor,https://rukminim1.flixcart.com/image/312/312/xif0q/mobile/9/q/j/-original-imagk4nzwhudqhcz.jpeg?q=70
13,"SAMSUNG Galaxy F13 (Sunrise Copper, 128 GB)",16999,10699,4.4,126570,7362,4 GB RAM , 128 GB ROM , Expandable Upto 1 TB,16.76 cm (6.6 inch) Full HD+ Display, 8MP Front Camera,50MP + 5MP + 2MP ,6000,Exynos 850 Processor,https://rukminim1.flixcart.com/image/312/312/xif0q/mobile/x/x/s/-original-imagfhu6dcpdnqkh.jpeg?q=70
14,"SAMSUNG Galaxy F23 5G (Forest Green, 128 GB)",23999,14999,4.3,163114,12936,6 GB RAM , 128 GB ROM , Expandable Upto 1 TB,16.76 cm (6.6 inch) Full HD+ Display, 8MP Front Camera,50MP + 8MP + 2MP ,5000,Qualcomm Snapdragon 750G Processor,https://rukminim1.flixcart.com/image/312/312/xif0q/mobile/o/p/z/-original-imagcg22pf79cgau.jpeg?q=70
15,"realme C35 (Glowing Black, 128 GB)",14999,11999,4.4,171600,9872,4 GB RAM , 128 GB ROM , Expandable Upto 1 TB,16.76 cm (6.6 inch) Full HD+ Display, 8MP Front Camera,50MP + 2MP + 0.3MP ,5000,Unisoc Tiger T616 Processor,https://rukminim1.flixcart.com/image/312/312/l0fm07k0/mobile/1/k/g/-original-imagc7ukmgugpdfy.jpeg?q=70
16,"Infinix HOT 20 Play (Racing Black, 64 GB)",11999,8199,4.4,11057,631,4 GB RAM , 64 GB ROM , Expandable Upto 256 GB,17.32 cm (6.82 inch) HD+ Display, 8MP Front Camera,13Mp + AI Lens ,6000,MediaTek G37 Processor,https://rukminim1.flixcart.com/image/312/312/xif0q/mobile/p/f/u/-original-imagkgrxdsqpdznh.jpeg?q=70
17,"Infinix HOT 20 Play (Fantasy Purple, 64 GB)",11999,8199,4.4,11057,631,4 GB RAM , 64 GB ROM , Expandable Upto 256 GB,17.32 cm (6.82 inch) HD+ Display, 8MP Front Camera,13Mp + AI Lens ,6000,MediaTek G37 Processor,https://rukminim1.flixcart.com/image/312/312/xif0q/mobile/a/p/r/-original-imagkgrxwg386pjk.jpeg?q=70
18,"Infinix HOT 20 Play (Luna Blue, 64 GB)",11999,8199,4.4,11057,631,4 GB RAM , 64 GB ROM , Expandable Upto 256 GB,17.32 cm (6.82 inch) HD+ Display, 8MP Front Camera,13Mp + AI Lens ,6000,MediaTek G37 Processor,https://rukminim1.flixcart.com/image/312/312/xif0q/mobile/b/o/e/-original-imagkgrxzahq3egj.jpeg?q=70
19,"Infinix HOT 20 Play (Aurora Green, 64 GB)",11999,8199,4.4,11057,631,4 GB RAM , 64 GB ROM , Expandable Upto 256 GB,17.32 cm (6.82 inch) HD+ Display, 8MP Front Camera,13Mp + AI Lens ,6000,MediaTek G37 Processor,https://rukminim1.flixcart.com/image/312/312/xif0q/mobile/s/b/e/-original-imagkgrxdzzjuguw.jpeg?q=70
20,"APPLE iPhone 14 (Purple, 128 GB)",79900,65999,4.7,18605,790,128 GB ROM,Not available,Not available,15.49 cm (6.1 inch) Super Retina XDR Display, 12MP Front Camera,12MP + 12MP ,Not available,"A15 Bionic Chip, 6 Core Processor Processor",https://rukminim1.flixcart.com/image/312/312/xif0q/mobile/b/u/f/-original-imaghxa5hvapbfds.jpeg?q=70
21,"SAMSUNG Galaxy F23 5G (Aqua Blue, 128 GB)",23999,14999,4.3,163114,12936,6 GB RAM , 128 GB ROM , Expandable Upto 1 TB,16.76 cm (6.6 inch) Full HD+ Display, 8MP Front Camera,50MP + 8MP + 2MP ,5000,Qualcomm Snapdragon 750G Processor,https://rukminim1.flixcart.com/image/312/312/xif0q/mobile/0/h/k/-original-imagcg22czc3ggvw.jpeg?q=70
22,"vivo T1 44W (Midnight Galaxy, 128 GB)",19990,14499,4.5,91960,6271,4 GB RAM , 128 GB ROM , Expandable Upto 1 TB,16.36 cm (6.44 inch) Full HD+ AMOLED Display, 16MP Front Camera,50MP + 2MP + 2MP ,5000,Qualcomm Snapdragon 680 Processor,https://rukminim1.flixcart.com/image/312/312/l2p23rk0/mobile/x/b/y/-original-imagdznhnzmzfbwx.jpeg?q=70
23,"vivo T1 44W (Starry Sky, 128 GB)",19990,14499,4.5,91960,6271,4 GB RAM , 128 GB ROM , Expandable Upto 1 TB,16.36 cm (6.44 inch) Full HD+ AMOLED Display, 16MP Front Camera,50MP + 2MP + 2MP ,5000,Qualcomm Snapdragon 680 Processor,https://rukminim1.flixcart.com/image/312/312/l2p23rk0/mobile/s/4/3/-original-imagdznhcbdfwfud.jpeg?q=70
24,"APPLE iPhone 14 (Blue, 128 GB)",79900,65999,4.7,18605,790,128 GB ROM,Not available,Not available,15.49 cm (6.1 inch) Super Retina XDR Display, 12MP Front Camera,12MP + 12MP ,Not available,"A15 Bionic Chip, 6 Core Processor Processor",https://rukminim1.flixcart.com/image/312/312/xif0q/mobile/3/5/l/-original-imaghx9qmgqsk9s4.jpeg?q=70
25,"vivo T1 44W (Midnight Galaxy, 128 GB)",20990,15999,4.4,52575,3813,6 GB RAM , 128 GB ROM , Expandable Upto 1 TB,16.36 cm (6.44 inch) Full HD+ AMOLED Display, 16MP Front Camera,50MP + 2MP + 2MP ,5000,Qualcomm Snapdragon 680 Processor,https://rukminim1.flixcart.com/image/312/312/l2p23rk0/mobile/x/b/y/-original-imagdznhnzmzfbwx.jpeg?q=70
26,"SAMSUNG Galaxy F23 5G (Copper Blush, 128 GB)",23999,14999,4.3,163114,12936,6 GB RAM , 128 GB ROM , Expandable Upto 1 TB,16.76 cm (6.6 inch) Full HD+ Display, 8MP Front Camera,50MP + 8MP + 2MP ,5000,Qualcomm Snapdragon 750G Processor,https://rukminim1.flixcart.com/image/312/312/xif0q/mobile/f/c/v/-original-imagehzbaw2wugme.jpeg?q=70
27,"POCO M4 Pro 5G (Yellow, 64 GB)",16999,13099,4.3,42198,3611,4 GB RAM , 64 GB ROM , Expandable Upto 1 TB,16.76 cm (6.6 inch) Full HD+ Display, 16MP Front Camera,50MP + 8MP ,5000,Mediatek Dimensity 810 Processor,https://rukminim1.flixcart.com/image/312/312/l0igvww0/mobile/i/m/b/-original-imagcafg8zjz4rej.jpeg?q=70
28,"MOTOROLA e13 (Aurora Green, 64 GB)",10999,7749,4.1,3751,409,4 GB RAM , 64 GB ROM , Expandable Upto 1 TB,16.51 cm (6.5 inch) HD+ Display, 5MP Front Camera,13MP Rear Camera ,5000,Unisoc T606 Processor,https://rukminim1.flixcart.com/image/312/312/xif0q/mobile/i/8/5/-original-imagmmmhmjpfvbry.jpeg?q=70
29,"MOTOROLA g52 (Metallic White, 128 GB)",19999,12999,4.2,29445,3435,6 GB RAM , 128 GB ROM,Not available,16.76 cm (6.6 inch) Full HD+ Display, 16MP Front Camera,50MP + 8MP + 2MP ,5000,Qualcomm Snapdragon 680 Processor,https://rukminim1.flixcart.com/image/312/312/l29c9e80/mobile/4/f/z/-original-imagdnefpypk9cgx.jpeg?q=70
30,"MOTOROLA e13 (Creamy White, 64 GB)",10999,7749,4.1,3751,409,4 GB RAM , 64 GB ROM , Expandable Upto 1 TB,16.51 cm (6.5 inch) HD+ Display, 5MP Front Camera,13MP Rear Camera ,5000,Unisoc T606 Processor,https://rukminim1.flixcart.com/image/312/312/xif0q/mobile/8/u/c/-original-imagmmmh6ezhc2wu.jpeg?q=70
31,"APPLE iPhone 14 Plus (Purple, 128 GB)",89900,73999,4.7,4675,349,128 GB ROM,Not available,Not available,17.02 cm (6.7 inch) Super Retina XDR Display, 12MP Front Camera,12MP + 12MP ,Not available,"A15 Bionic Chip, 6 Core Processor Processor",https://rukminim1.flixcart.com/image/312/312/xif0q/mobile/v/0/t/-original-imaghxa5rgcv5enm.jpeg?q=70
32,"MOTOROLA e13 (Cosmic Black, 64 GB)",10999,7749,4.1,3751,409,4 GB RAM , 64 GB ROM , Expandable Upto 1 TB,16.51 cm (6.5 inch) HD+ Display, 5MP Front Camera,13MP Rear Camera ,5000,Unisoc T606 Processor,https://rukminim1.flixcart.com/image/312/312/xif0q/mobile/p/o/z/-original-imagmmmhjsjru7c2.jpeg?q=70
33,"MOTOROLA g31 (Baby Blue, 128 GB)",16999,10999,4.1,14007,1448,6 GB RAM , 128 GB ROM , Expandable Upto 1 TB,16.26 cm (6.4 inch) Full HD+ Display, 13MP Front Camera,50MP + 8MP + 2MP ,5000,Mediatek Helio G85 Processor,https://rukminim1.flixcart.com/image/312/312/l1l1rww0/mobile/j/e/u/-original-imagd48zzrkcjfn2.jpeg?q=70
34,"MOTOROLA g52 (Charcoal Grey, 64 GB)",17999,10999,4.2,11238,1351,4 GB RAM , 64 GB ROM,Not available,16.76 cm (6.6 inch) Full HD+ Display, 16MP Front Camera,50MP + 8MP + 2MP ,5000,Qualcomm Snapdragon 680 Processor,https://rukminim1.flixcart.com/image/312/312/l29c9e80/mobile/l/g/m/-original-imagdnefhnhztahe.jpeg?q=70
35,"vivo T1 44W (Midnight Galaxy, 128 GB)",23990,17999,4.3,6049,498,8 GB RAM , 128 GB ROM , Expandable Upto 1 TB,16.36 cm (6.44 inch) Full HD+ AMOLED Display, 16MP Front Camera,50MP + 2MP + 2MP ,5000,Qualcomm Snapdragon 680 Processor,https://rukminim1.flixcart.com/image/312/312/l2p23rk0/mobile/x/b/y/-original-imagdznhnzmzfbwx.jpeg?q=70
36,"vivo T1 44W (Starry Sky, 128 GB)",20990,15999,4.4,52575,3813,6 GB RAM , 128 GB ROM , Expandable Upto 1 TB,16.36 cm (6.44 inch) Full HD+ AMOLED Display, 16MP Front Camera,50MP + 2MP + 2MP ,5000,Qualcomm Snapdragon 680 Processor,https://rukminim1.flixcart.com/image/312/312/l2p23rk0/mobile/s/4/3/-original-imagdznhcbdfwfud.jpeg?q=70
37,"APPLE iPhone 14 Plus (Starlight, 128 GB)",89900,73999,4.7,4675,349,128 GB ROM,Not available,Not available,17.02 cm (6.7 inch) Super Retina XDR Display, 12MP Front Camera,12MP + 12MP ,Not available,"A15 Bionic Chip, 6 Core Processor Processor",https://rukminim1.flixcart.com/image/312/312/xif0q/mobile/l/v/8/-original-imaghx9qudmydgc4.jpeg?q=70
38,"APPLE iPhone 11 (White, 64 GB)",43900,38999,4.6,186132,10888,64 GB ROM,Not available,Not available,15.49 cm (6.1 inch) Liquid Retina HD Display, 12MP Front Camera,12MP + 12MP ,Not available,A13 Bionic Chip Processor,https://rukminim1.flixcart.com/image/312/312/k2jbyq80pkrrdj/mobile-refurbished/k/y/d/iphone-11-256-u-mwm82hn-a-apple-0-original-imafkg25mhaztxns.jpeg?q=70
39,"Infinix Hot 12 (Exploratory Blue, 64 GB)",12999,8499,4.3,19996,1421,4 GB RAM , 64 GB ROM,Not available,17.32 cm (6.82 inch) HD+ Display, 8MP Front Camera,50 MP + 2 MP Depth Lens + AI Lens ,6000,Meditek Helio G37 Processor,https://rukminim1.flixcart.com/image/312/312/xif0q/mobile/v/q/d/-original-imagh4bbvnrhc754.jpeg?q=70
40,"Infinix Hot 12 (7Â° Purple, 64 GB)",12999,8499,4.3,19996,1421,4 GB RAM , 64 GB ROM,Not available,17.32 cm (6.82 inch) HD+ Display, 8MP Front Camera,50 MP + 2 MP Depth Lens + AI Lens ,6000,Meditek Helio G37 Processor,https://rukminim1.flixcart.com/image/312/312/xif0q/mobile/y/9/z/-original-imagh4bbndqmytqg.jpeg?q=70
41,"MOTOROLA g52 (Charcoal Grey, 128 GB)",19999,12999,4.2,29445,3435,6 GB RAM , 128 GB ROM,Not available,16.76 cm (6.6 inch) Full HD+ Display, 16MP Front Camera,50MP + 8MP + 2MP ,5000,Qualcomm Snapdragon 680 Processor,https://rukminim1.flixcart.com/image/312/312/l29c9e80/mobile/l/g/m/-original-imagdnefhnhztahe.jpeg?q=70
42,"SAMSUNG Galaxy F13 (Nightsky Green, 128 GB)",16999,10699,4.4,126570,7362,4 GB RAM , 128 GB ROM , Expandable Upto 1 TB,16.76 cm (6.6 inch) Full HD+ Display, 8MP Front Camera,50MP + 5MP + 2MP ,6000,Exynos 850 Processor,https://rukminim1.flixcart.com/image/312/312/xif0q/mobile/a/i/v/-original-imagfhu6bdzhnmkz.jpeg?q=70
43,"Infinix SMART 7 (Azure Blue, 64 GB)",9999,7499,4.3,1870,112,4 GB RAM , 64 GB ROM , Expandable Upto 2 TB,16.76 cm (6.6 inch) HD+ Display, 5MP Front Camera,13MP + AI Lens ,6000,Unisoc Spreadtrum SC9863A1 Processor,https://rukminim1.flixcart.com/image/312/312/xif0q/mobile/u/c/u/-original-imagnanh2yvpc4zx.jpeg?q=70
44,"realme C35 (Glowing Green, 128 GB)",15999,12999,4.3,15349,955,6 GB RAM , 128 GB ROM , Expandable Upto 1 TB,16.76 cm (6.6 inch) Full HD+ Display, 8MP Front Camera,50MP + 2MP + 0.3MP ,5000,Unisoc Tiger T616 Processor,https://rukminim1.flixcart.com/image/312/312/l0fm07k0/mobile/y/g/i/-original-imagc7ryyhrrcgxh.jpeg?q=70
45,"Infinix SMART 7 (Emerald Green, 64 GB)",9999,7499,4.3,1870,112,4 GB RAM , 64 GB ROM , Expandable Upto 2 TB,16.76 cm (6.6 inch) HD+ Display, 5MP Front Camera,13MP + AI Lens ,6000,Unisoc Spreadtrum SC9863A1 Processor,https://rukminim1.flixcart.com/image/312/312/xif0q/mobile/2/n/m/-original-imagna3rjqn8vqxb.jpeg?q=70
46,"realme C35 (Glowing Black, 128 GB)",15999,12999,4.3,15349,955,6 GB RAM , 128 GB ROM , Expandable Upto 1 TB,16.76 cm (6.6 inch) Full HD+ Display, 8MP Front Camera,50MP + 2MP + 0.3MP ,5000,Unisoc Tiger T616 Processor,https://rukminim1.flixcart.com/image/312/312/l0fm07k0/mobile/1/k/g/-original-imagc7ukmgugpdfy.jpeg?q=70
47,"MOTOROLA G62 5G (Frosted Blue, 128 GB)",24999,16499,4.1,5695,569,8 GB RAM , 128 GB ROM,Not available,16.64 cm (6.55 inch) Full HD+ Display, 16MP Front Camera,50MP + 8MP + 2MP ,5000,Qualcomm Snapdragon 695 5G Processor,https://rukminim1.flixcart.com/image/312/312/xif0q/mobile/t/6/g/-original-imagh29eknx3cavh.jpeg?q=70
48,"POCO M4 Pro 5G (Yellow, 128 GB)",19999,15099,4.3,49704,4305,6 GB RAM , 128 GB ROM , Expandable Upto 1 TB,16.76 cm (6.6 inch) Full HD+ Display, 16MP Front Camera,50MP + 8MP ,5000,Mediatek Dimensity 810 Processor,https://rukminim1.flixcart.com/image/312/312/l0igvww0/mobile/i/m/b/-original-imagcafg8zjz4rej.jpeg?q=70
49,"MOTOROLA G32 (Mineral Gray, 64 GB)",16999,10499,4.2,29843,2871,4 GB RAM , 64 GB ROM,Not available,16.64 cm (6.55 inch) Full HD+ Display, 16MP Front Camera,50MP + 8MP + 2MP ,5000,Qualcomm Snapdragon 680 Processor,https://rukminim1.flixcart.com/image/312/312/xif0q/mobile/l/l/z/-original-imaggvfzzt7qhhax.jpeg?q=70
50,"POCO M4 5G (Power Black, 64 GB)",15999,11999,4.2,56668,4315,4 GB RAM , 64 GB ROM , Expandable Upto 512 GB,16.71 cm (6.58 inch) Full HD+ Display, 8MP Front Camera,50MP + 2MP ,5000,Mediatek Dimensity 700 Processor,https://rukminim1.flixcart.com/image/312/312/l2jcccw0/mobile/i/1/y/-original-imagdu8gtefvchbn.jpeg?q=70
51,"POCO M4 Pro 5G (Cool Blue, 128 GB)",21999,15999,4.2,13654,1103,8 GB RAM , 128 GB ROM , Expandable Upto 1 TB,16.76 cm (6.6 inch) Full HD+ Display, 16MP Front Camera,50MP + 8MP ,5000,Mediatek Dimensity 810 Processor,https://rukminim1.flixcart.com/image/312/312/l0igvww0/mobile/j/d/g/-original-imagcafg6hbeeqwf.jpeg?q=70
52,"APPLE iPhone 14 Plus (Midnight, 128 GB)",89900,73999,4.7,4675,349,128 GB ROM,Not available,Not available,17.02 cm (6.7 inch) Super Retina XDR Display, 12MP Front Camera,12MP + 12MP ,Not available,"A15 Bionic Chip, 6 Core Processor Processor",https://rukminim1.flixcart.com/image/312/312/xif0q/mobile/a/b/0/-original-imaghx9qnhzxegu2.jpeg?q=70
53,"Infinix Smart 6 HD (Origin Blue, 32 GB)",8999,5799,4.4,24663,1379,2 GB RAM , 32 GB ROM , Expandable Upto 512 GB,16.76 cm (6.6 inch) HD+ Display, 5MP Front Camera,8MP Rear Camera ,5000,Mediatek Helio A22 Processor,https://rukminim1.flixcart.com/image/312/312/xif0q/mobile/2/i/c/-original-imaggvx8zyfjwqyb.jpeg?q=70
54,"Infinix Smart 6 HD (Aqua Sky, 32 GB)",8999,5799,4.4,24663,1379,2 GB RAM , 32 GB ROM , Expandable Upto 512 GB,16.76 cm (6.6 inch) HD+ Display, 5MP Front Camera,8MP Rear Camera ,5000,Mediatek Helio A22 Processor,https://rukminim1.flixcart.com/image/312/312/xif0q/mobile/c/o/z/-original-imaggvx8xndbbssj.jpeg?q=70
55,"Infinix Smart 6 HD (Force Black, 32 GB)",8999,5799,4.4,24663,1379,2 GB RAM , 32 GB ROM , Expandable Upto 512 GB,16.76 cm (6.6 inch) HD+ Display, 5MP Front Camera,8MP Rear Camera ,5000,Mediatek Helio A22 Processor,https://rukminim1.flixcart.com/image/312/312/xif0q/mobile/f/y/1/-original-imaggvxcnyfnfude.jpeg?q=70
56,"POCO X4 Pro 5G (Laser Blue, 128 GB)",25999,18499,4.2,18138,1834,8 GB RAM , 128 GB ROM , Expandable Upto 1 TB,16.94 cm (6.67 inch) Full HD+ Super AMOLED Display, 16MP Front Camera,64MP + 8MP + 2MP ,5000,Qualcomm Snapdragon 695 5G Processor,https://rukminim1.flixcart.com/image/312/312/l19m93k0/mobile/w/0/6/-original-imagcv2dcyjzcmvd.jpeg?q=70
57,"POCO X4 Pro 5G (Laser Black, 128 GB)",25999,18499,4.2,18138,1834,8 GB RAM , 128 GB ROM , Expandable Upto 1 TB,16.94 cm (6.67 inch) Full HD+ Super AMOLED Display, 16MP Front Camera,64MP + 8MP + 2MP ,5000,Qualcomm Snapdragon 695 5G Processor,https://rukminim1.flixcart.com/image/312/312/l19m93k0/mobile/q/f/w/-original-imagcv2dgezfbfet.jpeg?q=70
58,"POCO M4 5G (Power Black, 128 GB)",18999,13999,4.2,28572,2205,6 GB RAM , 128 GB ROM , Expandable Upto 512 GB,16.71 cm (6.58 inch) Full HD+ Display, 8MP Front Camera,50MP + 2MP ,5000,Mediatek Dimensity 700 Processor,https://rukminim1.flixcart.com/image/312/312/l2jcccw0/mobile/i/1/y/-original-imagdu8gtefvchbn.jpeg?q=70
59,"POCO M4 5G (Cool Blue, 64 GB)",15999,11999,4.2,56668,4315,4 GB RAM , 64 GB ROM , Expandable Upto 512 GB,16.71 cm (6.58 inch) Full HD+ Display, 8MP Front Camera,50MP + 2MP ,5000,Mediatek Dimensity 700 Processor,https://rukminim1.flixcart.com/image/312/312/l2jcccw0/mobile/i/p/o/-original-imagdu8j9vxscfdh.jpeg?q=70
60,"SAMSUNG Galaxy F04 (Jade Purple, 64 GB)",11499,8499,4.5,3550,134,4 GB RAM , 64 GB ROM , Expandable Upto 1 TB,16.51 cm (6.5 inch) HD Display, 5MP Front Camera,13MP + 2MP ,5000,Mediatek Helio P35 Processor,https://rukminim1.flixcart.com/image/312/312/xif0q/mobile/7/p/9/-original-imaghgbyypzkzvud.jpeg?q=70
61,"Infinix Hot 12 (Turquoise Cyan, 64 GB)",12999,8499,4.3,19996,1421,4 GB RAM , 64 GB ROM,Not available,17.32 cm (6.82 inch) HD+ Display, 8MP Front Camera,50 MP + 2 MP Depth Lens + AI Lens ,6000,Meditek Helio G37 Processor,https://rukminim1.flixcart.com/image/312/312/xif0q/mobile/0/v/c/-original-imagh4bbtgkz4xxg.jpeg?q=70
62,"Infinix Hot 12 (Polar Black, 64 GB)",12999,8499,4.3,19996,1421,4 GB RAM , 64 GB ROM,Not available,17.32 cm (6.82 inch) HD+ Display, 8MP Front Camera,50 MP + 2 MP Depth Lens + AI Lens ,6000,Meditek Helio G37 Processor,https://rukminim1.flixcart.com/image/312/312/xif0q/mobile/v/9/3/-original-imagh4bbs7q2gabh.jpeg?q=70
63,"MOTOROLA g31 (Meteorite Grey, 64 GB)",13999,9499,4.2,35200,3942,4 GB RAM , 64 GB ROM , Expandable Upto 1 TB,16.26 cm (6.4 inch) Full HD+ Display, 13MP Front Camera,50MP + 8MP + 2MP ,5000,Mediatek Helio G85 Processor,https://rukminim1.flixcart.com/image/312/312/l1l1rww0/mobile/j/e/u/-original-imagd48zzrkcjfn2.jpeg?q=70
64,"REDMI 10 (Sunrise Orange, 64 GB)",14999,9299,4.3,194416,12482,4 GB RAM , 64 GB ROM , Expandable Upto 1 TB,17.02 cm (6.7 inch) HD+ Display, 5MP Front Camera,50MP + 2MP ,6000,Qualcomm Snapdragon 680 Processor,https://rukminim1.flixcart.com/image/312/312/xif0q/mobile/n/c/s/-original-imagndzzsrf3r9g8.jpeg?q=70
65,"APPLE iPhone 11 (Black, 64 GB)",43900,38999,4.6,186132,10888,64 GB ROM,Not available,Not available,15.49 cm (6.1 inch) Liquid Retina HD Display, 12MP Front Camera,12MP + 12MP ,Not available,A13 Bionic Chip Processor,https://rukminim1.flixcart.com/image/312/312/k2jbyq80pkrrdj/mobile-refurbished/x/j/s/iphone-11-128-d-mwm02hn-a-apple-0-original-imafkg242ugz8hwc.jpeg?q=70
66,"vivo T1 44W (Starry Sky, 128 GB)",23990,17999,4.3,6049,498,8 GB RAM , 128 GB ROM , Expandable Upto 1 TB,16.36 cm (6.44 inch) Full HD+ AMOLED Display, 16MP Front Camera,50MP + 2MP + 2MP ,5000,Qualcomm Snapdragon 680 Processor,https://rukminim1.flixcart.com/image/312/312/l2p23rk0/mobile/s/4/3/-original-imagdznhcbdfwfud.jpeg?q=70
67,"MOTOROLA e40 (Carbon Gray, 64 GB)",10999,10998,4.2,72662,6836,4 GB RAM , 64 GB ROM , Expandable Upto 1 TB,16.51 cm (6.5 inch) HD+ Display, 8MP Front Camera,48MP + 2MP + 2MP ,5000,UNISOC T700 Processor,https://rukminim1.flixcart.com/image/312/312/l1l1rww0/mobile/v/7/n/-original-imagd48zkjwujxzz.jpeg?q=70
68,"MOTOROLA g31 (Baby Blue, 64 GB)",13999,9499,4.2,35200,3942,4 GB RAM , 64 GB ROM , Expandable Upto 1 TB,16.26 cm (6.4 Inch) Full HD+ Display, 13MP Front Camera,50MP + 8MP + 2MP ,5000,Mediatek Helio G85 Processor,https://rukminim1.flixcart.com/image/312/312/l1l1rww0/mobile/j/e/u/-original-imagd48zzrkcjfn2.jpeg?q=70
69,"MOTOROLA g22 (Cosmic Black, 64 GB)",13999,9499,3.8,30428,3541,4 GB RAM , 64 GB ROM , Expandable Upto 1 TB,16.51 cm (6.5 inch) HD+ Display, 16MP Front Camera,50MP + 8MP + 2MP + 2MP ,5000,Mediatek Helio G37 Processor,https://rukminim1.flixcart.com/image/312/312/l1qrjbk0/mobile/d/w/h/-original-imagd8pyfk7wbdkg.jpeg?q=70
70,"SAMSUNG Galaxy F23 5G (Forest Green, 128 GB)",22999,13999,4.2,37663,2964,4 GB RAM , 128 GB ROM , Expandable Upto 1 TB,16.76 cm (6.6 inch) Full HD+ Display, 8MP Front Camera,50MP + 8MP + 2MP ,5000,Qualcomm Snapdragon 750G Processor,https://rukminim1.flixcart.com/image/312/312/xif0q/mobile/o/p/z/-original-imagcg22pf79cgau.jpeg?q=70
71,"Infinix NOTE 12i (Metaverse Blue, 64 GB)",12999,9999,4.3,1780,224,4 GB RAM , 64 GB ROM , Expandable Upto 512 GB,17.02 cm (6.7 inch) Full HD+ AMOLED Display, 8MP Front Camera,50 MP + 2 MP + QVGA ,5000,Mediatek Helio G85 Processor,https://rukminim1.flixcart.com/image/312/312/xif0q/mobile/i/d/z/-original-imagm7mzhzh2z5qk.jpeg?q=70
72,"MOTOROLA G32 (Satin Silver, 64 GB)",16999,10499,4.2,29843,2871,4 GB RAM , 64 GB ROM,Not available,16.64 cm (6.55 inch) Full HD+ Display, 16MP Front Camera,50MP + 8MP + 2MP ,5000,Qualcomm Snapdragon 680 Processor,https://rukminim1.flixcart.com/image/312/312/xif0q/mobile/d/m/f/-original-imaggvfz5xvn4j93.jpeg?q=70
73,"POCO C50 (Royal Blue, 32 GB)",9999,6999,4.2,2031,114,3 GB RAM , 32 GB ROM , Expandable Upto 512 GB,16.56 cm (6.52 inch) HD+ Display, 5MP Front Camera,8MP Dual Camera ,5000,"Mediatek Helio A22 Processor, Upto 2.0 GHz Processor",https://rukminim1.flixcart.com/image/312/312/xif0q/mobile/t/a/x/-original-imaghmtch6qfmfxg.jpeg?q=70
74,"Google Pixel 6a (Chalk, 128 GB)",43999,28999,4.3,30999,3863,6 GB RAM , 128 GB ROM,Not available,15.6 cm (6.14 inch) Full HD+ Display, 8MP Front Camera,12.2MP + 12MP ,4410,Google Tensor Processor,https://rukminim1.flixcart.com/image/312/312/xif0q/mobile/g/g/3/-original-imaggbrccwsnygar.jpeg?q=70
75,"POCO M4 Pro (Cool Blue, 128 GB)",19999,13999,4.3,154757,13866,6 GB RAM , 128 GB ROM , Expandable Upto 1 TB,16.33 cm (6.43 inch) Full HD+ AMOLED Display, 16MP Front Camera,64MP + 8MP + 2MP ,5000,Mediatek Helio G96 Processor,https://rukminim1.flixcart.com/image/312/312/l0fm07k0/mobile/8/9/n/-original-imagc7tmhcbrarpk.jpeg?q=70
76,"SAMSUNG Galaxy F04 (Opal Green, 64 GB)",11499,8499,4.5,3550,134,4 GB RAM , 64 GB ROM , Expandable Upto 1 TB,16.51 cm (6.5 inch) HD Display, 5MP Front Camera,13MP + 2MP ,5000,Mediatek Helio P35 Processor,https://rukminim1.flixcart.com/image/312/312/xif0q/mobile/w/d/o/-original-imaghgbyhy6banxv.jpeg?q=70
77,"Infinix Hot 12 Pro (Electric Blue, 64 GB)",13999,8999,4.2,7973,492,6 GB RAM , 64 GB ROM , Expandable Upto 256 GB,16.76 cm (6.6 inch) HD+ Display, 8MP Front Camera,50 MP + Depth Lens ,5000,Unisoc T616 Processor,https://rukminim1.flixcart.com/image/312/312/xif0q/mobile/n/p/r/-original-imaggsayg2hhshbg.jpeg?q=70
78,"OPPO A17k (Navy Blue, 64 GB)",12999,9499,4.5,1242,32,3 GB RAM , 64 GB ROM , Expandable Upto 2 TB,16.66 cm (6.56 inch) HD+ Display, 5MP Front Camera,8MP Rear Camera ,5000,Mediatek Helio P35 Processor,https://rukminim1.flixcart.com/image/312/312/xif0q/mobile/t/5/r/-original-imagjzxuggyzybxf.jpeg?q=70
79,"OPPO A17k (Gold, 64 GB)",12999,9499,4.5,1242,32,3 GB RAM , 64 GB ROM , Expandable Upto 2 TB,16.66 cm (6.56 inch) HD+ Display, 5MP Front Camera,8MP Rear Camera ,5000,Mediatek Helio P35 Processor,https://rukminim1.flixcart.com/image/312/312/xif0q/mobile/o/b/q/-original-imagjzxvtfwd5gb9.jpeg?q=70
80,"MOTOROLA g72 (Polar Blue, 128 GB)",21999,15999,4.1,10999,1524,6 GB RAM , 128 GB ROM , Expandable Upto 1 TB,16.64 cm (6.55 inch) Full HD+ Display, 16MP Front Camera,108MP + 8MP + 2MP ,5000,Mediatek Helio G99 Processor,https://rukminim1.flixcart.com/image/312/312/xif0q/mobile/7/q/x/-original-imaggm6tvdakghdb.jpeg?q=70
81,"REDMI Note 10S (Frost White, 64 GB)",16999,12999,4.4,84688,5741,6 GB RAM , 64 GB ROM , Expandable Upto 512 GB,16.33 cm (6.43 inch) Full HD+ Super AMOLED Display, 13MP Front Camera,64MP + 8MP + 2MP + 2MP ,5000,Mediatek Helio G95 Processor,https://rukminim1.flixcart.com/image/312/312/kyeqjrk0/mobile/z/i/b/-original-imagan9qprtsdkab.jpeg?q=70
82,"Realme C30 - Locked with Airtel Prepaid (Denim Black, 32 GB)",8499,5549,4.3,88253,4742,2 GB RAM , 32 GB ROM , Expandable Upto 1 TB,16.51 cm (6.5 inch) HD+ Display, 5MP Front Camera,8MP Rear Camera ,5000,Unisoc T612 Processor,https://rukminim1.flixcart.com/image/312/312/xif0q/mobile/i/b/c/-original-imaghafug7zpnemh.jpeg?q=70
83,"POCO X4 Pro 5G (Yellow, 128 GB)",23999,16999,4.2,76202,7641,6 GB RAM , 128 GB ROM , Expandable Upto 1 TB,16.94 cm (6.67 inch) Full HD+ Super AMOLED Display, 16MP Front Camera,64MP + 8MP + 2MP ,5000,Qualcomm Snapdragon 695 5G Processor,https://rukminim1.flixcart.com/image/312/312/l19m93k0/mobile/v/c/i/-original-imagcv2dpkd75r6z.jpeg?q=70
84,"REDMI 10 Power (Power Black, 128 GB)",18999,12164,4.2,858,43,8 GB RAM , 128 GB ROM,Not available,17.02 cm (6.7 inch) Display,No Camera,50MP Rear Camera,6000,6000 mAh Battery,https://rukminim1.flixcart.com/image/312/312/xif0q/mobile/e/y/b/-original-imageftfzx8gfkys.jpeg?q=70
85,"POCO M4 Pro 5G (Yellow, 128 GB)",21999,15999,4.2,13654,1103,8 GB RAM , 128 GB ROM , Expandable Upto 1 TB,16.76 cm (6.6 inch) Full HD+ Display, 16MP Front Camera,50MP + 8MP ,5000,Mediatek Dimensity 810 Processor,https://rukminim1.flixcart.com/image/312/312/l0igvww0/mobile/i/m/b/-original-imagcafg8zjz4rej.jpeg?q=70
86,"POCO C50 (Country Green, 32 GB)",9999,6999,4.2,2031,114,3 GB RAM , 32 GB ROM , Expandable Upto 512 GB,16.56 cm (6.52 inch) HD+ Display, 5MP Front Camera,8MP Dual Camera ,5000,"Mediatek Helio A22 Processor, Upto 2.0 GHz Processor",https://rukminim1.flixcart.com/image/312/312/xif0q/mobile/3/l/x/-original-imaghmtcmxwgypsk.jpeg?q=70
87,"SAMSUNG Galaxy F23 5G (Aqua Blue, 128 GB)",22999,13999,4.2,37663,2964,4 GB RAM , 128 GB ROM , Expandable Upto 1 TB,16.76 cm (6.6 inch) Full HD+ Display, 8MP Front Camera,50MP + 8MP + 2MP ,5000,Qualcomm Snapdragon 750G Processor,https://rukminim1.flixcart.com/image/312/312/xif0q/mobile/0/h/k/-original-imagcg22czc3ggvw.jpeg?q=70
88,"REDMI 9i Sport (Carbon Black, 64 GB)",9999,7699,4.3,241686,13909,4 GB RAM , 64 GB ROM , Expandable Upto 512 GB,16.59 cm (6.53 inch) HD+ Display, 5MP Front Camera,13MP Rear Camera ,5000,MediaTek Helio G25 Processor,https://rukminim1.flixcart.com/image/312/312/ku04o7k0/mobile/p/8/u/9i-sport-mzb0a5iin-redmi-original-imag785qegs5ghyy.jpeg?q=70
89,"MOTOROLA g82 5G (Meterorite Grey, 128 GB)",25999,20499,4.1,4617,566,8 GB RAM , 128 GB ROM , Expandable Upto 1 TB,16.76 cm (6.6 inch) Full HD+ Display, 16MP Front Camera,50MP + 8MP + 2MP ,5000,Qualcomm Snapdragon 695 5G Processor,https://rukminim1.flixcart.com/image/312/312/l4pxk7k0/mobile/n/e/o/-original-imagfjz9jgneh3xh.jpeg?q=70
90,"POCO M4 5G (Cool Blue, 128 GB)",18999,13999,4.2,28572,2205,6 GB RAM , 128 GB ROM , Expandable Upto 512 GB,16.71 cm (6.58 inch) Full HD+ Display, 8MP Front Camera,50MP + 2MP ,5000,Mediatek Dimensity 700 Processor,https://rukminim1.flixcart.com/image/312/312/l2jcccw0/mobile/i/p/o/-original-imagdu8j9vxscfdh.jpeg?q=70
91,"OPPO A17 (Lake Blue, 64 GB)",14999,12099,4.4,2310,97,4 GB RAM , 64 GB ROM,Not available,16.66 cm (6.56 inch) HD+ Display, 5MP Front Camera,50MP + 0.3MP ,5000,Mediatek Helio G35 Processor,https://rukminim1.flixcart.com/image/312/312/xif0q/mobile/z/w/f/a17-cph2477-oppo-original-imagkzfeqpbmy6ye.jpeg?q=70
92,"POCO M4 Pro (Yellow, 128 GB)",19999,13999,4.3,154757,13866,6 GB RAM , 128 GB ROM , Expandable Upto 1 TB,16.33 cm (6.43 inch) Full HD+ AMOLED Display, 16MP Front Camera,64MP + 8MP + 2MP ,5000,Mediatek Helio G96 Processor,https://rukminim1.flixcart.com/image/312/312/l0fm07k0/mobile/a/6/b/-original-imagc7tdwfp2gz4h.jpeg?q=70
93,"Infinix Hot 20 5G (Space Blue, 128 GB)",19999,13499,4.1,1352,125,6 GB RAM , 128 GB ROM , Expandable Upto 1 TB,16.76 cm (6.6 inch) Full HD+ Display, 8MP Front Camera,50MP + AI Lens ,5000,Dimensity 810 Processor,https://rukminim1.flixcart.com/image/312/312/xif0q/mobile/v/f/c/-original-imaghgm2cequqqx4.jpeg?q=70
94,"Infinix Hot 20 5G (Blaster Green, 128 GB)",19999,13499,4.1,1352,125,6 GB RAM , 128 GB ROM , Expandable Upto 1 TB,16.76 cm (6.6 inch) Full HD+ Display, 8MP Front Camera,50MP + AI Lens ,5000,Dimensity 810 Processor,https://rukminim1.flixcart.com/image/312/312/xif0q/mobile/v/m/j/-original-imaghgm2xxnswjqg.jpeg?q=70
95,"POCO M4 Pro (Cool Blue, 64 GB)",17999,12999,4.3,154757,13866,6 GB RAM , 64 GB ROM , Expandable Upto 1 TB,16.33 cm (6.43 inch) Full HD+ AMOLED Display, 16MP Front Camera,64MP + 8MP + 2MP ,5000,Mediatek Helio G96 Processor,https://rukminim1.flixcart.com/image/312/312/l0fm07k0/mobile/8/9/n/-original-imagc7tmhcbrarpk.jpeg?q=70
96,"REDMI 10 (Caribbean Green, 128 GB)",16999,11999,4.2,26045,1877,6 GB RAM , 128 GB ROM , Expandable Upto 1 TB,17.02 cm (6.7 inch) HD+ Display, 5MP Front Camera,50MP + 2MP ,6000,Qualcomm Snapdragon 680 Processor,https://rukminim1.flixcart.com/image/312/312/xif0q/mobile/g/p/x/-original-imagk4nz54s7a7rf.jpeg?q=70
97,"POCO X5 Pro 5G (Horizon Blue, 128 GB)",25999,22999,4.4,1935,238,6 GB RAM , 128 GB ROM,Not available,16.94 cm (6.67 inch) Full HD+ Display, 16MP Front Camera,108MP + 8MP + 2MP ,5000,Qualcomm Snapdragon 778G Processor,https://rukminim1.flixcart.com/image/312/312/xif0q/mobile/n/v/2/-original-imagmkjfjwtzhaag.jpeg?q=70
98,"Infinix NOTE 12i (Force Black, 64 GB)",12999,9999,4.3,1780,224,4 GB RAM , 64 GB ROM , Expandable Upto 512 GB,17.02 cm (6.7 inch) Full HD+ AMOLED Display, 8MP Front Camera,50 MP + 2 MP + QVGA ,5000,Mediatek Helio G85 Processor,https://rukminim1.flixcart.com/image/312/312/xif0q/mobile/k/a/o/-original-imagm7mzj4qztpyt.jpeg?q=70
99,"APPLE iPhone 14 (Midnight, 128 GB)",79900,65999,4.7,18499,789,128 GB ROM,Not available,Not available,15.49 cm (6.1 inch) Super Retina XDR Display, 12MP Front Camera,12MP + 12MP ,Not available,"A15 Bionic Chip, 6 Core Processor Processor",https://rukminim1.flixcart.com/image/312/312/xif0q/mobile/9/e/e/-original-imaghx9q5rvcdghy.jpeg?q=70
100,"POCO X4 Pro 5G (Laser Blue, 64 GB)",22999,15999,4.2,76202,7641,6 GB RAM , 64 GB ROM , Expandable Upto 1 TB,16.94 cm (6.67 inch) Full HD+ Super AMOLED Display, 16MP Front Camera,64MP + 8MP + 2MP ,5000,Qualcomm Snapdragon 695 5G Processor,https://rukminim1.flixcart.com/image/312/312/l19m93k0/mobile/w/0/6/-original-imagcv2dcyjzcmvd.jpeg?q=70
101,"APPLE iPhone 14 Plus (Blue, 128 GB)",89900,73999,4.7,4657,348,128 GB ROM,Not available,Not available,17.02 cm (6.7 inch) Super Retina XDR Display, 12MP Front Camera,12MP + 12MP ,Not available,"A15 Bionic Chip, 6 Core Processor Processor",https://rukminim1.flixcart.com/image/312/312/xif0q/mobile/c/4/d/-original-imaghx9qygjjg8hz.jpeg?q=70
102,"Infinix NOTE 12i (Alpine White, 64 GB)",12999,9999,4.3,1780,224,4 GB RAM , 64 GB ROM , Expandable Upto 512 GB,17.02 cm (6.7 inch) Full HD+ AMOLED Display, 8MP Front Camera,50 MP + 2 MP + QVGA ,5000,Mediatek Helio G85 Processor,https://rukminim1.flixcart.com/image/312/312/xif0q/mobile/n/x/c/-original-imagm7mzjpzughft.jpeg?q=70
103,"APPLE iPhone 14 (Starlight, 128 GB)",79900,65999,4.7,18499,789,128 GB ROM,Not available,Not available,15.49 cm (6.1 inch) Super Retina XDR Display, 12MP Front Camera,12MP + 12MP ,Not available,"A15 Bionic Chip, 6 Core Processor Processor",https://rukminim1.flixcart.com/image/312/312/xif0q/mobile/m/o/b/-original-imaghx9qkugtbfrn.jpeg?q=70
104,"vivo T1X (Gravity Black, 64 GB)",16990,11999,4.5,81491,4600,4 GB RAM , 64 GB ROM,Not available,16.71 cm (6.58 inch) Full HD+ Display, 8MP Front Camera,50MP + 2MP ,5000,Qualcomm Snapdragon 680 Processor,https://rukminim1.flixcart.com/image/312/312/xif0q/mobile/f/n/f/-original-imaggbtuwq32w4et.jpeg?q=70
105,"vivo T1X (Space Blue, 64 GB)",16990,11999,4.5,81491,4600,4 GB RAM , 64 GB ROM,Not available,16.71 cm (6.58 inch) Full HD+ Display, 8MP Front Camera,50MP + 2MP ,5000,Qualcomm Snapdragon 680 Processor,https://rukminim1.flixcart.com/image/312/312/xif0q/mobile/8/a/y/-original-imaggbtszycsgjp5.jpeg?q=70
106,"vivo T1X (Gravity Black, 128 GB)",17990,12999,4.5,81491,4600,4 GB RAM , 128 GB ROM,Not available,16.71 cm (6.58 inch) Full HD+ Display, 8MP Front Camera,50MP + 2MP ,5000,Qualcomm Snapdragon 680 Processor,https://rukminim1.flixcart.com/image/312/312/xif0q/mobile/f/n/f/-original-imaggbtuwq32w4et.jpeg?q=70
107,"REDMI 10 (Midnight Black, 128 GB)",16999,11999,4.2,26045,1877,6 GB RAM , 128 GB ROM , Expandable Upto 1 TB,17.02 cm (6.7 inch) HD+ Display, 5MP Front Camera,50MP + 2MP ,6000,Qualcomm Snapdragon 680 Processor,https://rukminim1.flixcart.com/image/312/312/xif0q/mobile/9/q/j/-original-imagk4nzwhudqhcz.jpeg?q=70
108,"Google Pixel 6a (Charcoal, 128 GB)",43999,28999,4.3,30999,3863,6 GB RAM , 128 GB ROM,Not available,15.6 cm (6.14 inch) Full HD+ Display, 8MP Front Camera,12.2MP + 12MP ,4410,Google Tensor Processor,https://rukminim1.flixcart.com/image/312/312/xif0q/mobile/s/y/0/-original-imaggbrbxkqr3v3u.jpeg?q=70
109,"realme C30 (Lake Blue, 32 GB)",8499,5999,4.3,88073,4732,2 GB RAM , 32 GB ROM , Expandable Upto 1 TB,16.51 cm (6.5 inch) HD+ Display, 5MP Front Camera,8MP Rear Camera ,5000,Unisoc T612 Processor,https://rukminim1.flixcart.com/image/312/312/l4ln8nk0/mobile/4/8/h/-original-imagfggrvjdqsrtx.jpeg?q=70
110,"POCO X5 Pro 5G (Horizon Blue, 256 GB)",28999,24999,4.4,2120,257,8 GB RAM , 256 GB ROM,Not available,16.94 cm (6.67 inch) Full HD+ Display, 16MP Front Camera,108MP + 8MP + 2MP ,5000,Qualcomm Snapdragon 778G Processor,https://rukminim1.flixcart.com/image/312/312/xif0q/mobile/n/v/2/-original-imagmkjfjwtzhaag.jpeg?q=70
111,"APPLE iPhone 13 (Midnight, 128 GB)",69900,59999,4.7,193945,10639,128 GB ROM,Not available,Not available,15.49 cm (6.1 inch) Super Retina XDR Display, 12MP Front Camera,12MP + 12MP ,Not available,A15 Bionic Chip Processor,https://rukminim1.flixcart.com/image/312/312/ktketu80/mobile/s/l/c/iphone-13-mlpf3hn-a-apple-original-imag6vzz5qvejz8z.jpeg?q=70
112,"Infinix Hot 12 Pro (Lightsaber Green, 64 GB)",13999,8999,4.2,7869,485,6 GB RAM , 64 GB ROM , Expandable Upto 256 GB,16.76 cm (6.6 inch) HD+ Display, 8MP Front Camera,50 MP + Depth Lens ,5000,Unisoc T616 Processor,https://rukminim1.flixcart.com/image/312/312/xif0q/mobile/e/q/m/-original-imaggsay4k2pmbpy.jpeg?q=70
113,"realme C33 (Night Sea, 32 GB)",11999,8999,4.4,20472,857,3 GB RAM , 32 GB ROM , Expandable Upto 1 TB,16.51 cm (6.5 inch) HD+ Display, 5MP Front Camera,50MP + 0.3MP ,5000,Unisoc T612 Processor,https://rukminim1.flixcart.com/image/312/312/xif0q/mobile/e/n/j/-original-imaghuf9vphhbnkc.jpeg?q=70
114,"realme C33 (Night Sea, 64 GB)",12999,9999,4.4,61009,2668,4 GB RAM , 64 GB ROM , Expandable Upto 1 TB,16.51 cm (6.5 inch) HD+ Display, 5MP Front Camera,50MP + 0.3MP ,5000,Unisoc T612 Processor,https://rukminim1.flixcart.com/image/312/312/xif0q/mobile/e/n/j/-original-imaghuf9vphhbnkc.jpeg?q=70
115,"realme C33 (Sandy Gold, 64 GB)",12999,9999,4.4,61009,2668,4 GB RAM , 64 GB ROM , Expandable Upto 1 TB,16.51 cm (6.5 inch) HD+ Display, 5MP Front Camera,50MP + 0.3MP ,5000,Unisoc T612 Processor,https://rukminim1.flixcart.com/image/312/312/xif0q/mobile/w/o/s/-original-imaghuf9mryjhf3m.jpeg?q=70
116,"realme C33 (Sandy Gold, 32 GB)",11999,8999,4.4,20472,857,3 GB RAM , 32 GB ROM , Expandable Upto 1 TB,16.51 cm (6.5 inch) HD+ Display, 5MP Front Camera,50MP + 0.3MP ,5000,Unisoc T612 Processor,https://rukminim1.flixcart.com/image/312/312/xif0q/mobile/w/o/s/-original-imaghuf9mryjhf3m.jpeg?q=70
117,"realme C33 (Aqua Blue, 32 GB)",11999,8999,4.4,20472,857,3 GB RAM , 32 GB ROM , Expandable Upto 1 TB,16.51 cm (6.5 inch) HD+ Display, 5MP Front Camera,50MP + 0.3MP ,5000,Unisoc T612 Processor,https://rukminim1.flixcart.com/image/312/312/xif0q/mobile/9/z/o/-original-imaghuf9guqmb65z.jpeg?q=70
118,Nokia 105 SS,1599,1299,4.2,31720,2240,32 MB RAM , 32 MB ROM,Not available,4.5 cm (1.77 inch) QVGA Display,No Camera,0MP Front Camera,800,SC6531E Processor,https://rukminim1.flixcart.com/image/312/312/l0r1j0w0/mobile/k/b/o/-original-imagch26hyzhgn9v.jpeg?q=70
119,"Realme C30 - Locked with Airtel Prepaid (Lake Blue, 32 GB)",8499,5549,4.3,88073,4732,2 GB RAM , 32 GB ROM , Expandable Upto 1 TB,16.51 cm (6.5 inch) HD+ Display, 5MP Front Camera,8MP Rear Camera ,5000,Unisoc T612 Processor,https://rukminim1.flixcart.com/image/312/312/xif0q/mobile/l/l/w/-original-imaghafu8wqnkyvc.jpeg?q=70
120,"POCO X5 Pro 5G (Astral Black, 128 GB)",25999,22999,4.4,1985,244,6 GB RAM , 128 GB ROM,Not available,16.94 cm (6.67 inch) Full HD+ Display, 16MP Front Camera,108MP + 8MP + 2MP ,5000,Qualcomm Snapdragon 778G Processor,https://rukminim1.flixcart.com/image/312/312/xif0q/mobile/a/x/j/-original-imagmkjfhzjhfhhe.jpeg?q=70
121,"vivo T1X (Gravity Black, 128 GB)",18990,14999,4.4,4262,257,6 GB RAM , 128 GB ROM,Not available,16.71 cm (6.58 inch) Full HD+ Display, 8MP Front Camera,50MP + 2MP ,5000,Qualcomm Snapdragon 680 Processor,https://rukminim1.flixcart.com/image/312/312/xif0q/mobile/f/n/f/-original-imaggbtuwq32w4et.jpeg?q=70
122,"vivo T1X (Space Blue, 128 GB)",17990,12999,4.5,81650,4607,4 GB RAM , 128 GB ROM,Not available,16.71 cm (6.58 inch) Full HD+ Display, 8MP Front Camera,50MP + 2MP ,5000,Qualcomm Snapdragon 680 Processor,https://rukminim1.flixcart.com/image/312/312/xif0q/mobile/8/a/y/-original-imaggbtszycsgjp5.jpeg?q=70
123,"APPLE iPhone 13 (Pink, 128 GB)",69900,59999,4.7,194061,10648,128 GB ROM,Not available,Not available,15.49 cm (6.1 inch) Super Retina XDR Display, 12MP Front Camera,12MP + 12MP ,Not available,A15 Bionic Chip Processor,https://rukminim1.flixcart.com/image/312/312/ktketu80/mobile/8/z/w/iphone-13-mlph3hn-a-apple-original-imag6vzzhrxgazsg.jpeg?q=70
124,"realme C30 (Denim Black, 32 GB)",9299,6999,4.1,40895,2644,3 GB RAM , 32 GB ROM , Expandable Upto 1 TB,16.51 cm (6.5 inch) HD+ Display, 5MP Front Camera,8MP Rear Camera ,5000,Unisoc T612 Processor,https://rukminim1.flixcart.com/image/312/312/l4ln8nk0/mobile/f/6/a/-original-imagfggrbywzk8r6.jpeg?q=70
125,"realme C30 (Lake Blue, 32 GB)",9299,6999,4.1,40895,2644,3 GB RAM , 32 GB ROM , Expandable Upto 1 TB,16.51 cm (6.5 inch) HD+ Display, 5MP Front Camera,8MP Rear Camera ,5000,Unisoc T612 Processor,https://rukminim1.flixcart.com/image/312/312/l4ln8nk0/mobile/4/8/h/-original-imagfggrvjdqsrtx.jpeg?q=70
126,Nokia 105 SS,1599,1299,4.2,31720,2240,32 MB RAM , 32 MB ROM,Not available,4.5 cm (1.77 inch) QVGA Display,No Camera,0MP Front Camera,800,SC6531E Processor,https://rukminim1.flixcart.com/image/312/312/l0r1j0w0/mobile/k/b/o/-original-imagch26hyzhgn9v.jpeg?q=70
127,"Infinix Zero 5G 2023 (Submariner Black, 128 GB)",24999,16999,4.1,213,30,8 GB RAM , 128 GB ROM , Expandable Upto 256 GB,17.22 cm (6.78 inch) Full HD+ Display, 16MP Front Camera,50MP + 2MP + 2MP ,5000,Mediatek Dimensity 920 Processor,https://rukminim1.flixcart.com/image/312/312/xif0q/mobile/t/7/j/-original-imagmhszyfsbqfth.jpeg?q=70
128,"SAMSUNG Galaxy M33 5G (Mystique Green, 128 GB)",25999,17995,4.3,1202,87,8 GB RAM , 128 GB ROM,Not available,16.76 cm (6.6 inch) Display,No Camera,50MP Rear Camera,6000,6000 mAh Battery,https://rukminim1.flixcart.com/image/312/312/xif0q/mobile/c/3/d/-original-imagdc8mjnhxbgxj.jpeg?q=70
129,"MOTOROLA e32 (Arctic Blue, 64 GB)",11999,8999,4,1317,117,4 GB RAM , 64 GB ROM , Expandable Upto 1 TB,16.51 cm (6.5 inch) HD+ Display, 8MP Front Camera,50MP + 2MP ,5000,Mediatek Helio G37 Processor,https://rukminim1.flixcart.com/image/312/312/xif0q/mobile/i/7/t/-original-imaggsezqmkqehan.jpeg?q=70
130,"realme 9i 5G (Rocking Black, 64 GB)",17999,14999,4.5,41927,1982,4 GB RAM , 64 GB ROM , Expandable Upto 1 TB,16.76 cm (6.6 inch) Full HD+ Display, 8MP Front Camera,50MP + 2MP + 2MP ,5000,Mediatek Dimensity 810 5G Processor,https://rukminim1.flixcart.com/image/312/312/xif0q/mobile/o/b/a/-original-imaghbequzj25wy2.jpeg?q=70
131,"POCO M4 Pro 5G (Cool Blue, 128 GB)",19999,15599,4.3,49704,4305,6 GB RAM , 128 GB ROM , Expandable Upto 1 TB,16.76 cm (6.6 inch) Full HD+ Display, 16MP Front Camera,50MP + 8MP ,5000,Mediatek Dimensity 810 Processor,https://rukminim1.flixcart.com/image/312/312/l0igvww0/mobile/j/d/g/-original-imagcafg6hbeeqwf.jpeg?q=70
132,"OPPO A17 (Sunlight Orange, 64 GB)",14999,12499,4.4,2310,97,4 GB RAM , 64 GB ROM , Expandable Upto 2 TB,16.66 cm (6.56 inch) HD+ Display, 5MP Front Camera,50MP + 0.3MP + 0.3MP ,5000,Mediatek Helio G35 Processor,https://rukminim1.flixcart.com/image/312/312/xif0q/mobile/l/6/9/-original-imaggkzydg7zbrys.jpeg?q=70
133,"OPPO A17 (Midnight Black, 64 GB)",14999,12499,4.4,2310,97,4 GB RAM , 64 GB ROM , Expandable Upto 2 TB,16.66 cm (6.56 inch) HD+ Display, 5MP Front Camera,50MP + 0.3MP + 0.3MP ,5000,Mediatek Helio G35 Processor,https://rukminim1.flixcart.com/image/312/312/xif0q/mobile/1/s/n/-original-imaggkzxfgweseym.jpeg?q=70
134,"realme C33 (Aqua Blue, 64 GB)",12999,9999,4.4,61009,2668,4 GB RAM , 64 GB ROM , Expandable Upto 1 TB,16.51 cm (6.5 inch) HD+ Display, 5MP Front Camera,50MP + 0.3MP ,5000,Unisoc T612 Processor,https://rukminim1.flixcart.com/image/312/312/xif0q/mobile/9/z/o/-original-imaghuf9guqmb65z.jpeg?q=70
135,"REDMI 9i Sport (Metallic Blue, 64 GB)",9999,7699,4.3,241686,13909,4 GB RAM , 64 GB ROM , Expandable Upto 512 GB,16.59 cm (6.53 inch) HD+ Display, 5MP Front Camera,13MP Rear Camera ,5000,MediaTek Helio G25 Processor,https://rukminim1.flixcart.com/image/312/312/ku04o7k0/mobile/x/x/t/9i-sport-mzb0a10in-redmi-original-imag785rwf3q8sft.jpeg?q=70
136,"OPPO A17 (Lake Blue, 64 GB)",14999,12499,4.4,2310,97,4 GB RAM , 64 GB ROM , Expandable Upto 2 TB,16.66 cm (6.56 inch) HD+ Display, 5MP Front Camera,50MP + 0.3MP + 0.3MP ,5000,Mediatek Helio G35 Processor,https://rukminim1.flixcart.com/image/312/312/xif0q/mobile/h/h/f/-original-imagnfqybfcdzeye.jpeg?q=70
137,"MOTOROLA g72 (Polar Blue, 128 GB)",21999,15999,4.1,10999,1524,6 GB RAM , 128 GB ROM , Expandable Upto 1 TB,16.64 cm (6.55 inch) Full HD+ Display, 16MP Front Camera,108MP + 8MP + 2MP ,5000,Mediatek Helio G99 Processor,https://rukminim1.flixcart.com/image/312/312/xif0q/mobile/7/q/x/-original-imaggm6tvdakghdb.jpeg?q=70
138,"POCO X4 Pro 5G (Laser Black, 128 GB)",23999,16999,4.2,76202,7641,6 GB RAM , 128 GB ROM , Expandable Upto 1 TB,16.94 cm (6.67 inch) Full HD+ Super AMOLED Display, 16MP Front Camera,64MP + 8MP + 2MP ,5000,Qualcomm Snapdragon 695 5G Processor,https://rukminim1.flixcart.com/image/312/312/l19m93k0/mobile/q/f/w/-original-imagcv2dgezfbfet.jpeg?q=70
139,"POCO C55 (Cool Blue, 64 GB)",11999,8999,4.3,1356,71,4 GB RAM , 64 GB ROM , Expandable Upto 1 TB,17.04 cm (6.71 inch) HD+ Display, 5MP Front Camera,50MP Rear Camera ,5000,Mediatek Helio G85 Processor,https://rukminim1.flixcart.com/image/312/312/xif0q/mobile/y/9/g/-original-imagnfzyhh8gz8sd.jpeg?q=70
140,"vivo T1X (Space Blue, 128 GB)",18990,14999,4.4,4262,257,6 GB RAM , 128 GB ROM,Not available,16.71 cm (6.58 inch) Full HD+ Display, 8MP Front Camera,50MP + 2MP ,5000,Qualcomm Snapdragon 680 Processor,https://rukminim1.flixcart.com/image/312/312/xif0q/mobile/8/a/y/-original-imaggbtszycsgjp5.jpeg?q=70
141,"MOTOROLA G62 5G (Frosted Blue, 128 GB)",21999,15999,4.2,20277,1984,6 GB RAM , 128 GB ROM,Not available,16.64 cm (6.55 inch) Full HD+ Display, 16MP Front Camera,50MP + 8MP + 2MP ,5000,Qualcomm Snapdragon 695 5G Processor,https://rukminim1.flixcart.com/image/312/312/xif0q/mobile/t/6/g/-original-imagh29eknx3cavh.jpeg?q=70
142,"realme 9i 5G (Metallica Gold, 64 GB)",17999,14999,4.5,41927,1982,4 GB RAM , 64 GB ROM , Expandable Upto 1 TB,16.76 cm (6.6 inch) Full HD+ Display, 8MP Front Camera,50MP + 2MP + 2MP ,5000,Mediatek Dimensity 810 5G Processor,https://rukminim1.flixcart.com/image/312/312/xif0q/mobile/b/q/s/-original-imaghbeqtgzsfzvc.jpeg?q=70
143,"realme C30 (Bamboo Green, 32 GB)",9299,6999,4.1,40895,2644,3 GB RAM , 32 GB ROM , Expandable Upto 1 TB,16.51 cm (6.5 inch) HD+ Display, 5MP Front Camera,8MP Rear Camera ,5000,Unisoc T612 Processor,https://rukminim1.flixcart.com/image/312/312/l4ln8nk0/mobile/p/h/p/-original-imagfggryyzyvhgw.jpeg?q=70
144,"POCO M4 Pro (Power Black, 128 GB)",21999,14999,4.3,14564,1264,8 GB RAM , 128 GB ROM , Expandable Upto 1 TB,16.33 cm (6.43 inch) Full HD+ AMOLED Display, 16MP Front Camera,64MP + 8MP + 2MP ,5000,Mediatek Helio G96 Processor,https://rukminim1.flixcart.com/image/312/312/l0fm07k0/mobile/r/2/1/-original-imagc7tduryuaynx.jpeg?q=70
145,"SAMSUNG Galaxy F23 5G (Copper Blush, 128 GB)",22999,13999,4.2,37663,2964,4 GB RAM , 128 GB ROM , Expandable Upto 1 TB,16.76 cm (6.6 inch) Full HD+ Display, 8MP Front Camera,50MP + 8MP + 2MP ,5000,Qualcomm Snapdragon 750G Processor,https://rukminim1.flixcart.com/image/312/312/xif0q/mobile/f/c/v/-original-imagehzbaw2wugme.jpeg?q=70
146,"vivo T1 Pro 5G (Turbo Black, 128 GB)",30990,24999,4.4,16954,1749,8 GB RAM , 128 GB ROM,Not available,16.36 cm (6.44 inch) Full HD+ AMOLED Display, 16MP Front Camera,64MP + 8MP + 2MP ,4700,Qualcomm Snapdragon 778G 5G Mobile Platform Processor,https://rukminim1.flixcart.com/image/312/312/l2p23rk0/mobile/o/v/b/-original-imagdznj6xgmgh8a.jpeg?q=70
147,"vivo T1 Pro 5G (Turbo Black, 128 GB)",28990,23999,4.4,8169,783,6 GB RAM , 128 GB ROM,Not available,16.36 cm (6.44 inch) Full HD+ AMOLED Display, 16MP Front Camera,64MP + 8MP + 2MP ,4700,Qualcomm Snapdragon 778G 5G Mobile Platform Processor,https://rukminim1.flixcart.com/image/312/312/l2p23rk0/mobile/o/v/b/-original-imagdznj6xgmgh8a.jpeg?q=70
148,"Infinix Hot 12 Pro (Halo White, 64 GB)",13999,8999,4.2,7973,492,6 GB RAM , 64 GB ROM , Expandable Upto 256 GB,16.76 cm (6.6 inch) HD+ Display, 8MP Front Camera,50 MP + Depth Lens ,5000,Unisoc T616 Processor,https://rukminim1.flixcart.com/image/312/312/xif0q/mobile/b/t/h/-original-imaggb58s5w5ubvx.jpeg?q=70
149,"realme 10 (Rush Black, 128 GB)",19999,16999,4.3,1078,74,8 GB RAM , 128 GB ROM , Expandable Upto 1 TB,16.26 cm (6.4 inch) Full HD+ Display, 16MP Front Camera,50MP + 2MP ,5000,Mediatek Helio G99 Octa Core Processor,https://rukminim1.flixcart.com/image/312/312/xif0q/mobile/9/l/3/-original-imaghgcktmwxthzc.jpeg?q=70
150,"SAMSUNG Galaxy S21 FE 5G (Olive, 128 GB)",74999,34999,4.4,37587,3690,8 GB RAM , 128 GB ROM,Not available,16.26 cm (6.4 inch) Full HD+ Display, 32MP Front Camera,12MP + 12MP + 8MP (OIS) ,4500,4500 mAh Lithium-ion Battery,https://rukminim1.flixcart.com/image/312/312/kz7bcsw0/screen-guard/front-and-back-screen-guard/o/p/j/rr44-twenteesky-original-imagb9dh2hm4fzhw.jpeg?q=70
151,"realme C30s (Stripe Black, 32 GB)",9999,6999,4.5,4907,171,2 GB RAM , 32 GB ROM , Expandable Upto 1 TB,16.51 cm (6.5 inch) HD+ Display, 5MP Front Camera,8MP Rear Camera ,5000,Unisoc SC9863A/ Unisoc SC9863A1 Processor,https://rukminim1.flixcart.com/image/312/312/xif0q/mobile/f/g/j/-original-imagg3myshvfpzjb.jpeg?q=70
152,"realme C30s (Stripe Blue, 32 GB)",9999,6999,4.5,4907,171,2 GB RAM , 32 GB ROM , Expandable Upto 1 TB,16.51 cm (6.5 inch) HD+ Display, 5MP Front Camera,8MP Rear Camera ,5000,Unisoc SC9863A/ Unisoc SC9863A1 Processor,https://rukminim1.flixcart.com/image/312/312/xif0q/mobile/b/o/n/-original-imagg3myvj6f3pez.jpeg?q=70
153,"POCO X4 Pro 5G (Yellow, 64 GB)",22999,15999,4.2,76202,7641,6 GB RAM , 64 GB ROM , Expandable Upto 1 TB,16.94 cm (6.67 inch) Full HD+ Super AMOLED Display, 16MP Front Camera,64MP + 8MP + 2MP ,5000,Qualcomm Snapdragon 695 5G Processor,https://rukminim1.flixcart.com/image/312/312/l19m93k0/mobile/v/c/i/-original-imagcv2dpkd75r6z.jpeg?q=70
154,"POCO C31 (Shadow Gray, 64 GB)",11999,9099,4.3,207547,11775,4 GB RAM , 64 GB ROM , Expandable Upto 512 GB,16.59 cm (6.53 inch) HD+ Display, 5MP Front Camera,13MP + 2MP + 2MP ,5000,MediaTek Helio G35 Processor,https://rukminim1.flixcart.com/image/312/312/ku4ezrk0/mobile/b/o/m/c31-mzb0a0min-poco-original-imag7bzqxekkpkrv.jpeg?q=70
155,"MOTOROLA e13 (Aurora Green, 64 GB)",9999,6999,4.1,678,67,2 GB RAM , 64 GB ROM , Expandable Upto 1 TB,16.51 cm (6.5 inch) HD+ Display, 5MP Front Camera,13MP Rear Camera ,5000,Unisoc T606 Processor,https://rukminim1.flixcart.com/image/312/312/xif0q/mobile/5/x/x/-original-imagmmmhfw9624ar.jpeg?q=70
156,"OnePlus Nord CE 2 Lite 5G (Black Dusk, 128 GB)",19999,19495,4.4,49568,3806,6 GB RAM , 128 GB ROM,Not available,16.74 cm (6.59 inch) Display,No Camera,64MP Rear Camera,5000,5000 mAh Battery,https://rukminim1.flixcart.com/image/312/312/xif0q/mobile/2/p/8/-original-imagg2a4rmk94gay.jpeg?q=70
157,"APPLE iPhone 13 (Blue, 128 GB)",69900,59999,4.7,194061,10648,128 GB ROM,Not available,Not available,15.49 cm (6.1 inch) Super Retina XDR Display, 12MP Front Camera,12MP + 12MP ,Not available,A15 Bionic Chip Processor,https://rukminim1.flixcart.com/image/312/312/ktketu80/mobile/2/y/o/iphone-13-mlpk3hn-a-apple-original-imag6vpyur6hjngg.jpeg?q=70
158,"MOTOROLA g82 5G (White Lily, 128 GB)",25999,21499,4.1,4617,566,8 GB RAM , 128 GB ROM , Expandable Upto 1 TB,16.76 cm (6.6 inch) Full HD+ Display, 16MP Front Camera,50MP + 8MP + 2MP ,5000,Qualcomm Snapdragon 695 5G Processor,https://rukminim1.flixcart.com/image/312/312/l4pxk7k0/mobile/w/c/8/-original-imagfjz9wkhggfku.jpeg?q=70
159,"REDMI 10 Power (Sporty Orange, 128 GB)",18999,12190,4.2,858,43,8 GB RAM , 128 GB ROM,Not available,17.02 cm (6.7 inch) Display,No Camera,50MP Rear Camera,6000,6000 mAh Battery,https://rukminim1.flixcart.com/image/312/312/xif0q/mobile/p/g/k/-original-imageyuud3bey9hh.jpeg?q=70
160,Nokia 105 TA-1416 DS,1599,1449,4.1,5026,360,32 MB RAM , 32 MB ROM,Not available,4.5 cm (1.77 inch) QVGA Display,No Camera,0MP Front Camera,800,SC6531E Processor,https://rukminim1.flixcart.com/image/312/312/l0r1j0w0/mobile/m/j/u/-original-imagch29bxhbyjju.jpeg?q=70
161,"vivo Y01 (Sapphire Blue, 32 GB)",12999,7999,4.2,1358,81,2 GB RAM , 32 GB ROM,Not available,16.54 cm (6.51 inch) HD+ Display, 5MP Front Camera,8MP Rear Camera ,5000,Mediatek Helio P35 Processor,https://rukminim1.flixcart.com/image/312/312/xif0q/mobile/z/9/x/-original-imagjdmzwqbzvjkb.jpeg?q=70
162,"MOTOROLA e13 (Cosmic Black, 64 GB)",9999,6999,4.1,678,67,2 GB RAM , 64 GB ROM , Expandable Upto 1 TB,16.51 cm (6.5 inch) HD+ Display, 5MP Front Camera,13MP Rear Camera ,5000,Unisoc T606 Processor,https://rukminim1.flixcart.com/image/312/312/xif0q/mobile/o/r/d/-original-imagmmmhusm2ddzn.jpeg?q=70
163,"POCO C55 (Forest Green, 64 GB)",11999,8999,4.3,1356,71,4 GB RAM , 64 GB ROM , Expandable Upto 1 TB,17.04 cm (6.71 inch) HD+ Display, 5MP Front Camera,50MP Rear Camera ,5000,Mediatek Helio G85 Processor,https://rukminim1.flixcart.com/image/312/312/xif0q/mobile/a/6/f/-original-imagnb6nvnqz7hqq.jpeg?q=70
164,"Infinix HOT 20 5G (Space Blue, 64 GB)",17999,11499,4.3,3941,314,4 GB RAM , 64 GB ROM , Expandable Upto 1 TB,16.76 cm (6.6 inch) Full HD+ Display, 8MP Front Camera,50MP + AI Lens ,5000,Dimensity 810 Processor,https://rukminim1.flixcart.com/image/312/312/xif0q/mobile/a/r/9/-original-imagkgrx78mkbd3e.jpeg?q=70
165,"realme 9i 5G (Soulful Blue, 64 GB)",17999,14999,4.5,41927,1982,4 GB RAM , 64 GB ROM , Expandable Upto 1 TB,16.76 cm (6.6 inch) Full HD+ Display, 8MP Front Camera,50MP + 2MP + 2MP ,5000,Mediatek Dimensity 810 5G Processor,https://rukminim1.flixcart.com/image/312/312/xif0q/mobile/q/8/t/-original-imaghberfw4ghzxy.jpeg?q=70
166,"POCO C31 (Royal Blue, 64 GB)",11999,9099,4.3,207547,11775,4 GB RAM , 64 GB ROM , Expandable Upto 512 GB,16.59 cm (6.53 inch) HD+ Display, 5MP Front Camera,13MP + 2MP + 2MP ,5000,MediaTek G35 Processor,https://rukminim1.flixcart.com/image/312/312/ku4ezrk0/mobile/p/e/4/c31-mzb0a0jin-poco-original-imag7bzqxgdhgf2n.jpeg?q=70
167,GFive U707,999,749,3.6,11092,1033,32 MB RAM , 32 MB ROM , Expandable Upto 16 GB,4.57 cm (1.8 inch) Display,No Camera,0.3MP Rear Camera,1000,1000 mAh Battery,https://rukminim1.flixcart.com/image/312/312/kvba7bk0/mobile/l/o/s/-original-imag889ksefj99fv.jpeg?q=70
168,"OPPO F19 (Midnight Blue, 128 GB)",20990,14990,4.3,25654,1849,6 GB RAM , 128 GB ROM , Expandable Upto 256 GB,16.33 cm (6.43 inch) Full HD+ Display, 16MP Front Camera,48MP + 2MP + 2MP ,5000,Qualcomm Snapdragon 662 Processor,https://rukminim1.flixcart.com/image/312/312/kn4xhu80/mobile/r/5/5/f19-cph2219-oppo-original-imagfvj5usebqhh4.jpeg?q=70
169,"MOTOROLA edge 30 (Aurora Green, 128 GB)",30999,22999,4.1,8748,1180,6 GB RAM , 128 GB ROM,Not available,16.64 cm (6.55 inch) Full HD+ Display, 32MP Front Camera,50MP + 50MP + 2MP ,4020,Qualcomm Snapdragon 778G Plus Processor,https://rukminim1.flixcart.com/image/312/312/l2xmqvk0/mobile/3/k/f/-original-image674nvdc4aws.jpeg?q=70
170,"vivo Y35 (Agate Black, 128 GB)",22999,18499,4.4,1853,128,8 GB RAM , 128 GB ROM,Not available,16.71 cm (6.58 inch) Full HD+ Display, 16MP Front Camera,50MP + 2MP + 2MP ,5000,Qualcomm Snapdragon 680 Processor,https://rukminim1.flixcart.com/image/312/312/xif0q/mobile/c/z/h/-original-imaghm9y8tceqxmx.jpeg?q=70
171,"realme C11 2021 (Cool Blue, 32 GB)",7999,7499,4.4,234658,10133,2 GB RAM , 32 GB ROM , Expandable Upto 256 GB,16.51 cm (6.5 inch) HD+ Display, 5MP Front Camera,8MP Rear Camera ,5000,Octa-core Processor,https://rukminim1.flixcart.com/image/312/312/kqjtd3k0/mobile/o/4/x/c11-2021-rmx3231-realme-original-imag4j4yrdt7d9cj.jpeg?q=70
172,"realme C11 2021 (Cool Grey, 32 GB)",7999,7499,4.4,234658,10133,2 GB RAM , 32 GB ROM , Expandable Upto 256 GB,16.51 cm (6.5 inch) HD+ Display, 5MP Front Camera,8MP Rear Camera ,5000,Octa-core Processor,https://rukminim1.flixcart.com/image/312/312/kqjtd3k0/mobile/s/b/8/c11-2021-rmx3231-realme-original-imag4j4xkqchhfxk.jpeg?q=70
173,"POCO C55 (Cool Blue, 128 GB)",13999,10999,4.4,1070,50,6 GB RAM , 128 GB ROM , Expandable Upto 1 TB,17.04 cm (6.71 inch) HD+ Display, 5MP Front Camera,50MP Rear Camera ,5000,Mediatek Helio G85 Processor,https://rukminim1.flixcart.com/image/312/312/xif0q/mobile/y/9/g/-original-imagnfzyhh8gz8sd.jpeg?q=70
174,"REDMI 9i Sport (Coral Green, 64 GB)",9999,7699,4.3,241686,13909,4 GB RAM , 64 GB ROM , Expandable Upto 512 GB,16.59 cm (6.53 inch) HD+ Display, 5MP Front Camera,13MP Rear Camera ,5000,MediaTek Helio G25 Processor,https://rukminim1.flixcart.com/image/312/312/ku04o7k0/mobile/m/w/p/9i-sport-mzb0a0yin-redmi-original-imag785ryfspqg3a.jpeg?q=70
175,"POCO C55 (Power Black, 64 GB)",11999,8999,4.3,1356,71,4 GB RAM , 64 GB ROM , Expandable Upto 1 TB,17.04 cm (6.71 inch) HD+ Display, 5MP Front Camera,50MP Rear Camera ,5000,Mediatek Helio G85 Processor,https://rukminim1.flixcart.com/image/312/312/xif0q/mobile/b/y/g/-original-imagnfzybft7wzmp.jpeg?q=70
176,"MOTOROLA g72 (Meteorite Grey, 128 GB)",21999,15999,4.1,10999,1524,6 GB RAM , 128 GB ROM , Expandable Upto 1 TB,16.64 cm (6.55 inch) Full HD+ Display, 16MP Front Camera,108MP + 8MP + 2MP ,5000,Mediatek Helio G99 Processor,https://rukminim1.flixcart.com/image/312/312/xif0q/mobile/x/z/z/-original-imaggm6t44bfbhpc.jpeg?q=70
177,"REDMI 10 (Pacific Blue, 128 GB)",16999,11999,4.2,26045,1877,6 GB RAM , 128 GB ROM , Expandable Upto 1 TB,17.02 cm (6.7 inch) HD+ Display, 5MP Front Camera,50MP + 2MP ,6000,Qualcomm Snapdragon 680 Processor,https://rukminim1.flixcart.com/image/312/312/xif0q/mobile/m/q/e/-original-imagk4nz6xgtexam.jpeg?q=70
178,"Infinix Hot 12 Pro (Racing Black, 64 GB)",13999,8999,4.2,7973,492,6 GB RAM , 64 GB ROM , Expandable Upto 256 GB,16.76 cm (6.6 inch) HD+ Display, 8MP Front Camera,50 MP + Depth Lens ,5000,Unisoc T616 Processor,https://rukminim1.flixcart.com/image/312/312/xif0q/mobile/g/u/l/-original-imaggb58zhvmc5nj.jpeg?q=70
179,"Infinix Hot 12 Pro (Electric Blue, 128 GB)",15999,11499,4,4698,409,8 GB RAM , 128 GB ROM , Expandable Upto 256 GB,16.76 cm (6.6 inch) HD+ Display, 8MP Front Camera,50 MP + Depth Lens ,5000,Unisoc T616 Processor,https://rukminim1.flixcart.com/image/312/312/xif0q/mobile/u/n/j/-original-imaggt7dz7jfx8cs.jpeg?q=70
180,"POCO M4 Pro (Cool Blue, 128 GB)",21999,14999,4.3,14564,1264,8 GB RAM , 128 GB ROM , Expandable Upto 1 TB,16.33 cm (6.43 inch) Full HD+ AMOLED Display, 16MP Front Camera,64MP + 8MP + 2MP ,5000,Mediatek Helio G96 Processor,https://rukminim1.flixcart.com/image/312/312/l0fm07k0/mobile/8/9/n/-original-imagc7tmhcbrarpk.jpeg?q=70
181,"POCO X4 Pro 5G (Yellow, 128 GB)",25999,18499,4.2,18138,1834,8 GB RAM , 128 GB ROM , Expandable Upto 1 TB,16.94 cm (6.67 inch) Full HD+ Super AMOLED Display, 16MP Front Camera,64MP + 8MP + 2MP ,5000,Qualcomm Snapdragon 695 5G Processor,https://rukminim1.flixcart.com/image/312/312/l19m93k0/mobile/v/c/i/-original-imagcv2dpkd75r6z.jpeg?q=70
182,"vivo Y02 (Cosmic Grey, 32 GB)",12999,8999,4.3,272,13,3 GB RAM , 32 GB ROM,Not available,16.54 cm (6.51 inch) HD+ Display, 5MP Front Camera,8MP Rear Camera ,5000,MediaTek P22 Processor,https://rukminim1.flixcart.com/image/312/312/xif0q/mobile/m/s/h/-original-imagkzcbstkvqggz.jpeg?q=70
183,"POCO X4 Pro 5G (Laser Blue, 128 GB)",23999,16999,4.2,76202,7641,6 GB RAM , 128 GB ROM , Expandable Upto 1 TB,16.94 cm (6.67 inch) Full HD+ Super AMOLED Display, 16MP Front Camera,64MP + 8MP + 2MP ,5000,Qualcomm Snapdragon 695 5G Processor,https://rukminim1.flixcart.com/image/312/312/l19m93k0/mobile/w/0/6/-original-imagcv2dcyjzcmvd.jpeg?q=70
184,"realme Narzo 50A Prime (Flash Black, 64 GB)",13499,10494,3.9,285,17,4 GB RAM , 64 GB ROM , Expandable Upto 512 GB,16.76 cm (6.6 inch) Full HD+ Display, 8MP Front Camera,50MP Rear Camera ,5000,5000 mAh Battery,https://rukminim1.flixcart.com/image/312/312/xif0q/mobile/f/m/q/narzo-50a-prime-rmx3516-realme-original-imaggggbntpxjmrv.jpeg?q=70
185,Nokia 150 DS 2020,2999,2574,4.1,21415,1666,4 MB RAM , 4 MB ROM , Expandable Upto 32 GB,6.1 cm (2.4 inch) Display,No Camera,0.3MP Rear Camera,1020,MediaTek Processor,https://rukminim1.flixcart.com/image/312/312/kfmv9u80/mobile/6/9/j/nokia-150-2020-12gmne21a01-original-imafwfqfcbdphgqp.jpeg?q=70
186,"Micromax IN 2C (Silver, 32 GB)",9499,5999,4.2,3501,402,3 GB RAM , 32 GB ROM , Expandable Upto 256 GB,16.56 cm (6.52 inch) HD+ Display, 5MP Front Camera,8MP Rear Camera ,5000,Unisoc T610 Processor,https://rukminim1.flixcart.com/image/312/312/l2dmky80/mobile/x/p/d/-original-imagdqnsxwhtzxd2.jpeg?q=70
187,"POCO M4 5G (Yellow, 128 GB)",18999,13999,4.2,28572,2205,6 GB RAM , 128 GB ROM , Expandable Upto 512 GB,16.71 cm (6.58 inch) Full HD+ Display, 8MP Front Camera,50MP + 2MP ,5000,Mediatek Dimensity 700 Processor,https://rukminim1.flixcart.com/image/312/312/l2jcccw0/mobile/g/l/5/-original-imagdu8j9k3ejjc3.jpeg?q=70
188,"OPPO F19 Pro+ 5G (Space Silver, 128 GB)",29990,17990,4.4,29072,2982,8 GB RAM , 128 GB ROM , Expandable Upto 256 GB,16.33 cm (6.43 inch) Full HD+ Display, 16MP Front Camera,48MP + 8MP + 2MP + 2MP ,4310,MediaTek Dimensity 800U Processor,https://rukminim1.flixcart.com/image/312/312/kn97te80/mobile/f/d/h/f19-pro-5g-cph2213-oppo-original-imagfz397gzbjxtb.jpeg?q=70
189,"OPPO F19 Pro+ 5G (Fluid Black, 128 GB)",29990,17990,4.4,29072,2982,8 GB RAM , 128 GB ROM , Expandable Upto 256 GB,16.33 cm (6.43 inch) Full HD+ Display, 16MP Front Camera,48MP + 8MP + 2MP + 2MP ,4310,MediaTek Dimensity 800U Processor,https://rukminim1.flixcart.com/image/312/312/kn97te80/mobile/p/m/9/f19-pro-5g-cph2213-oppo-original-imagfz38hbzjhkqx.jpeg?q=70
190,SAMSUNG Guru Music 2,2499,2074,4.3,199696,18505,NA ROM,Not available,Not available,5.08 cm (2 inch) NA Display,No Camera,800 mAh Battery,1,800 mAh Battery,https://rukminim1.flixcart.com/image/312/312/kw9krrk0/mobile/t/e/r/music2-sm315e-samsung-original-imag8z9ysh9hzjnp.jpeg?q=70
191,"Nothing Phone (1) (Black, 256 GB)",39999,28999,4.4,54416,7071,8 GB RAM , 256 GB ROM,Not available,16.64 cm (6.55 inch) Full HD+ Display, 16MP Front Camera,50MP + 50MP ,4500,"1 Billion Colours, True-to-Life Full HD Flexible OLED Display with HDR10+ for Richer Colour and Deeper Contrasts.",https://rukminim1.flixcart.com/image/312/312/l5h2xe80/mobile/5/x/r/-original-imagg4xza5rehdqv.jpeg?q=70
192,"Nothing Phone (1) (White, 256 GB)",39999,29499,4.4,54416,7071,8 GB RAM , 256 GB ROM,Not available,16.64 cm (6.55 inch) Full HD+ Display, 16MP Front Camera,50MP + 50MP ,4500,"1 Billion Colours, True-to-Life Full HD Flexible OLED Display with HDR10+ for Richer Colour and Deeper Contrasts.",https://rukminim1.flixcart.com/image/312/312/l5h2xe80/mobile/4/7/l/-original-imagg4y3grhaxckf.jpeg?q=70
193,"Nothing Phone (1) (Black, 256 GB)",42999,35999,4.3,6736,767,12 GB RAM , 256 GB ROM,Not available,16.64 cm (6.55 inch) Full HD+ Display, 16MP Front Camera,50MP + 50MP ,4500,"1 Billion Colours, True-to-Life Full HD Flexible OLED Display with HDR10+ for Richer Colour and Deeper Contrasts.",https://rukminim1.flixcart.com/image/312/312/l5h2xe80/mobile/5/x/r/-original-imagg4xza5rehdqv.jpeg?q=70
194,"Nothing Phone (1) (Black, 128 GB)",37999,27999,4.4,54416,7071,8 GB RAM , 128 GB ROM,Not available,16.64 cm (6.55 inch) Full HD+ Display, 16MP Front Camera,50MP + 50MP ,4500,"1 Billion Colours, True-to-Life Full HD Flexible OLED Display with HDR10+ for Richer Colour and Deeper Contrasts.",https://rukminim1.flixcart.com/image/312/312/l5h2xe80/mobile/5/x/r/-original-imagg4xza5rehdqv.jpeg?q=70
195,"Nothing Phone (1) (White, 256 GB)",42999,35999,4.3,6736,767,12 GB RAM , 256 GB ROM,Not available,16.64 cm (6.55 inch) Full HD+ Display, 16MP Front Camera,50MP + 50MP ,4500,"1 Billion Colours, True-to-Life Full HD Flexible OLED Display with HDR10+ for Richer Colour and Deeper Contrasts.",https://rukminim1.flixcart.com/image/312/312/l5h2xe80/mobile/4/7/l/-original-imagg4y3grhaxckf.jpeg?q=70
196,"SAMSUNG Galaxy S21 FE 5G (White, 128 GB)",74999,34999,4.4,37587,3690,8 GB RAM , 128 GB ROM,Not available,16.26 cm (6.4 inch) Full HD+ Display, 32MP Front Camera,12MP + 12MP + 8MP (OIS) ,4500,4500 mAh Lithium-ion Battery,https://rukminim1.flixcart.com/image/312/312/l30hmkw0/mobile/w/j/o/galaxy-s21-fe-5g-sm-g990ewziinu-samsung-original-image8dzwv3bch4k.jpeg?q=70
197,"SAMSUNG Galaxy S21 FE 5G (Lavender, 128 GB)",74999,34999,4.4,37587,3690,8 GB RAM , 128 GB ROM,Not available,16.26 cm (6.4 inch) Full HD+ Display, 32MP Front Camera,12MP + 12MP + 8MP (OIS) ,4500,4500 mAh Lithium-ion Battery,https://rukminim1.flixcart.com/image/312/312/kzpw2vk0/mobile/u/o/q/galaxy-s21-fe-5g-lavender-8gb-128gb-storage-sm-g990elviinu-original-imagbnbdaj3tygup.jpeg?q=70
198,"MOTOROLA g82 5G (Meterorite Grey, 128 GB)",23999,19999,4.2,7524,957,6 GB RAM , 128 GB ROM , Expandable Upto 1 TB,16.76 cm (6.6 inch) Full HD+ Display, 16MP Front Camera,50MP + 8MP + 2MP ,5000,Qualcomm Snapdragon 695 5G Processor,https://rukminim1.flixcart.com/image/312/312/l432ikw0/mobile/l/4/p/-original-imagffsdzhxqu4rg.jpeg?q=70
199,"POCO M4 5G (Yellow, 64 GB)",15999,11999,4.2,56668,4315,4 GB RAM , 64 GB ROM , Expandable Upto 512 GB,16.71 cm (6.58 inch) Full HD+ Display, 8MP Front Camera,50MP + 2MP ,5000,Mediatek Dimensity 700 Processor,https://rukminim1.flixcart.com/image/312/312/l2jcccw0/mobile/g/l/5/-original-imagdu8j9k3ejjc3.jpeg?q=70
200,"Infinix Note 12 Pro (Tuscany Blue, 256 GB)",21999,14999,4.2,4291,470,8 GB RAM , 256 GB ROM , Expandable Upto 2 TB,17.02 cm (6.7 inch) Full HD+ AMOLED Display, 16MP Front Camera,108MP + 2MP Depth Lens + AI lens ,5000,Mediatek Helio G99 Processor,https://rukminim1.flixcart.com/image/312/312/xif0q/mobile/h/x/l/-original-imaghh2fggashufd.jpeg?q=70
201,"vivo T1 Pro 5G (Turbo Cyan, 128 GB)",28990,23999,4.4,8169,783,6 GB RAM , 128 GB ROM,Not available,16.36 cm (6.44 inch) Full HD+ AMOLED Display, 16MP Front Camera,64MP + 8MP + 2MP ,4700,Qualcomm Snapdragon 778G 5G Mobile Platform Processor,https://rukminim1.flixcart.com/image/312/312/l2p23rk0/mobile/7/v/w/-original-imagdznjzgvkkhtx.jpeg?q=70
202,"APPLE iPhone 13 (Starlight, 128 GB)",69900,59999,4.7,194061,10648,128 GB ROM,Not available,Not available,15.49 cm (6.1 inch) Super Retina XDR Display, 12MP Front Camera,12MP + 12MP ,Not available,A15 Bionic Chip Processor,https://rukminim1.flixcart.com/image/312/312/ktketu80/mobile/6/n/d/iphone-13-mlpg3hn-a-apple-original-imag6vpyghayhhrh.jpeg?q=70
203,"vivo Y01 (Elegant Black, 32 GB)",12999,7999,4.2,1358,81,2 GB RAM , 32 GB ROM,Not available,16.54 cm (6.51 inch) HD+ Display, 5MP Front Camera,8MP Rear Camera ,5000,Mediatek Helio P35 Processor,https://rukminim1.flixcart.com/image/312/312/xif0q/mobile/r/w/f/-original-imagjdmzpy5at2kk.jpeg?q=70
204,"REDMI Note 12 Pro 5G (Glacier Blue, 128 GB)",27999,24999,4.3,10936,1190,6 GB RAM , 128 GB ROM,Not available,16.94 cm (6.67 inch) Full HD Display, 16MP Front Camera,50MP (OIS) + 8MP + 2MP ,5000,Mediatek Dimensity 1080 Processor,https://rukminim1.flixcart.com/image/312/312/xif0q/mobile/m/j/o/-original-imaghkvue4yjecju.jpeg?q=70
205,"POCO C55 (Forest Green, 128 GB)",13999,10999,4.4,1070,50,6 GB RAM , 128 GB ROM , Expandable Upto 1 TB,17.04 cm (6.71 inch) HD+ Display, 5MP Front Camera,50MP Rear Camera ,5000,Mediatek Helio G85 Processor,https://rukminim1.flixcart.com/image/312/312/xif0q/mobile/a/6/f/-original-imagnb6nvnqz7hqq.jpeg?q=70
206,"POCO C55 (Power Black, 128 GB)",13999,10999,4.4,1070,50,6 GB RAM , 128 GB ROM , Expandable Upto 1 TB,17.04 cm (6.71 inch) HD+ Display, 5MP Front Camera,50MP Rear Camera ,5000,Mediatek Helio G85 Processor,https://rukminim1.flixcart.com/image/312/312/xif0q/mobile/b/y/g/-original-imagnfzybft7wzmp.jpeg?q=70
207,"vivo Y35 (Dawn Gold, 128 GB)",22999,18499,4.4,1853,128,8 GB RAM , 128 GB ROM,Not available,16.71 cm (6.58 inch) Full HD+ Display, 16MP Front Camera,50MP + 2MP + 2MP ,5000,Qualcomm Snapdragon 680 Processor,https://rukminim1.flixcart.com/image/312/312/xif0q/mobile/0/e/z/-original-imaghm9yz8zwvhvz.jpeg?q=70
208,"realme C30 (Denim Black, 32 GB)",8499,5999,4.3,88253,4742,2 GB RAM , 32 GB ROM , Expandable Upto 1 TB,16.51 cm (6.5 inch) HD+ Display, 5MP Front Camera,8MP Rear Camera ,5000,Unisoc T612 Processor,https://rukminim1.flixcart.com/image/312/312/l4ln8nk0/mobile/f/6/a/-original-imagfggrbywzk8r6.jpeg?q=70
209,"MOTOROLA edge 30 (Meteor Grey, 128 GB)",30999,22999,4.1,8748,1180,6 GB RAM , 128 GB ROM,Not available,16.64 cm (6.55 inch) Full HD+ Display, 32MP Front Camera,50MP + 50MP + 2MP ,4020,Qualcomm Snapdragon 778G Plus Processor,https://rukminim1.flixcart.com/image/312/312/l2xmqvk0/mobile/o/r/n/-original-image674ydfks6se.jpeg?q=70
210,"realme C30 (Bamboo Green, 32 GB)",8499,5999,4.3,88253,4742,2 GB RAM , 32 GB ROM , Expandable Upto 1 TB,16.51 cm (6.5 inch) HD+ Display, 5MP Front Camera,8MP Rear Camera ,5000,Unisoc T612 Processor,https://rukminim1.flixcart.com/image/312/312/l4ln8nk0/mobile/p/h/p/-original-imagfggryyzyvhgw.jpeg?q=70
211,"Infinix Note 12 5G (Snowfall, 64 GB)",19999,14099,4.2,16203,1768,6 GB RAM , 64 GB ROM , Expandable Upto 2 TB,17.02 cm (6.7 inch) Full HD+ AMOLED Display, 16MP Front Camera,50 MP + 2 MP Depth Lens + AI Lens ,5000,Mediatek Dimensity 810 5G Processor,https://rukminim1.flixcart.com/image/312/312/l5bd5zk0/mobile/v/1/p/-original-imaggygkjbeqvvfw.jpeg?q=70
212,Nokia 105SS PLUS,1699,1399,4,1284,83,32 MB RAM , 32 MB ROM,Not available,4.5 cm (1.77 inch) QVGA Display,No Camera,0MP Front Camera,1000,SC6531E Processor,https://rukminim1.flixcart.com/image/312/312/l3lx8cw0/mobile/1/h/v/105ss-plus-ta-1447-ss-nokia-original-imagep35qfcmzx48.jpeg?q=70
213,"vivo T1 5G (Rainbow Fantasy, 128 GB)",19990,15990,4.3,64741,5118,4 GB RAM , 128 GB ROM , Expandable Upto 1 TB,16.71 cm (6.58 inch) Full HD+ Display, 16MP Front Camera,50MP + 2MP + 2MP ,5000,Turbo Processor Snapdragon 695 Processor,https://rukminim1.flixcart.com/image/312/312/kzd147k0/mobile/m/c/f/-original-imagbe5qknarjywp.jpeg?q=70
214,"Infinix Hot 12 Pro (Lightsaber Green, 128 GB)",15999,11499,4,4698,409,8 GB RAM , 128 GB ROM , Expandable Upto 256 GB,16.76 cm (6.6 inch) HD+ Display, 8MP Front Camera,50 MP + Depth Lens ,5000,Unisoc T616 Processor,https://rukminim1.flixcart.com/image/312/312/xif0q/mobile/5/x/x/-original-imaggt7cx43jqzpj.jpeg?q=70
215,"APPLE iPhone 14 Plus (Starlight, 256 GB)",99900,83999,4.7,4675,349,256 GB ROM,Not available,Not available,17.02 cm (6.7 inch) Super Retina XDR Display, 12MP Front Camera,12MP + 12MP ,Not available,"A15 Bionic Chip, 6 Core Processor Processor",https://rukminim1.flixcart.com/image/312/312/xif0q/mobile/l/v/8/-original-imaghx9qudmydgc4.jpeg?q=70
216,"SAMSUNG Galaxy A14 5G (Dark Red, 64 GB)",18499,16499,4.2,181,9,4 GB RAM , 64 GB ROM , Expandable Upto 1 TB,16.76 cm (6.6 inch) HD+ Display, 13MP Front Camera,50MP + 2MP ,5000,SEC S5E8535 (Exynos 1330) Processor,https://rukminim1.flixcart.com/image/312/312/xif0q/mobile/6/c/5/-original-imagmefcgvntdtha.jpeg?q=70
217,"SAMSUNG Galaxy F22 (Denim Blue, 128 GB)",16999,13499,4.3,65691,6023,6 GB RAM , 128 GB ROM , Expandable Upto 1 TB,16.26 cm (6.4 inch) HD+ Display, 13MP Front Camera,48MP + 8MP + 2MP + 2MP ,6000,MediaTek Helio G80 Processor,https://rukminim1.flixcart.com/image/312/312/kqqykcw0/mobile/j/5/7/galaxy-f22-sm-e225flbdins-samsung-original-imag4z99fp4qdfby.jpeg?q=70
218,"OPPO K10 (Blue Flame, 128 GB)",18999,13990,4.4,105356,7691,6 GB RAM , 128 GB ROM , Expandable Upto 1 TB,16.74 cm (6.59 inch) Full HD+ Display, 16MP Front Camera,50MP + 2MP + 2MP ,5000,AI Photo Suite | OPPO Glow Design with Dirt and Scratch Resistant,https://rukminim1.flixcart.com/image/312/312/l2jcccw0/mobile/h/x/3/-original-imagduwqakhhkrse.jpeg?q=70
219,"OPPO K10 (Black Carbon, 128 GB)",18999,13990,4.4,105356,7691,6 GB RAM , 128 GB ROM , Expandable Upto 1 TB,16.74 cm (6.59 inch) Full HD+ Display, 16MP Front Camera,50MP + 2MP + 2MP ,5000,AI Photo Suite | OPPO Glow Design with Dirt and Scratch Resistant,https://rukminim1.flixcart.com/image/312/312/l2jcccw0/mobile/h/x/3/-original-imagduwqakhhkrse.jpeg?q=70
220,"SAMSUNG Galaxy M33 5G (Emarld Brown, 128 GB)",24999,16550,4.2,8070,645,6 GB RAM , 128 GB ROM,Not available,16.76 cm (6.6 inch) Display,No Camera,50MP Rear Camera,6000,6000 mAh Battery,https://rukminim1.flixcart.com/image/312/312/xif0q/mobile/m/g/g/-original-imagemq4hk726gry.jpeg?q=70
221,"Infinix Note 12 (Jewel Blue, 64 GB)",15999,10999,4.2,25390,2528,4 GB RAM , 64 GB ROM , Expandable Upto 512 GB,17.02 cm (6.7 inch) Full HD+ AMOLED Display, 16MP Front Camera,50MP + 2MP Depth + AI Lens ,5000,MediaTek Helio G88 Processor,https://rukminim1.flixcart.com/image/312/312/l3929ow0/mobile/v/w/k/-original-imageezmre8ymznn.jpeg?q=70
222,"realme 10 (Clash White, 64 GB)",15999,13999,4.4,4176,306,4 GB RAM , 64 GB ROM , Expandable Upto 1 TB,16.26 cm (6.4 inch) Full HD+ Display, 16MP Front Camera,50MP + 2MP ,5000,Mediatek Helio G99 Octa Core Processor,https://rukminim1.flixcart.com/image/312/312/xif0q/mobile/1/7/l/-original-imaghgcj2z5cfugg.jpeg?q=70
223,"realme 10 Pro+ 5G (Nebula Blue, 128 GB)",25999,24999,4.5,13397,1313,6 GB RAM , 128 GB ROM,Not available,17.02 cm (6.7 inch) Full HD+ Display, 16MP Front Camera,108MP + 8MP + 2MP ,5000,Mediatek Dimensity 1080 5G Processor,https://rukminim1.flixcart.com/image/312/312/xif0q/mobile/i/y/j/-original-imagkp8fpw35uygd.jpeg?q=70
224,"SAMSUNG Galaxy M04 (Light Green, 64 GB)",10012,8990,4.2,508,39,4 GB RAM , 64 GB ROM,Not available,16.51 cm (6.5 inch) HD+ Display, 5MP Front Camera,13MP + 2MP ,5000,MediaTek Helio P35 Processor,https://rukminim1.flixcart.com/image/312/312/xif0q/mobile/h/f/y/galaxy-m04-sm-m045f-samsung-original-imagh799vffkjf8t.jpeg?q=70
225,"realme 10 Pro+ 5G (Dark Matter, 128 GB)",27999,25999,4.5,6267,702,8 GB RAM , 128 GB ROM,Not available,17.02 cm (6.7 inch) Full HD+ Display, 16MP Front Camera,108MP + 8MP + 2MP ,5000,Mediatek Dimensity 1080 5G Processor,https://rukminim1.flixcart.com/image/312/312/xif0q/mobile/v/j/h/-original-imagkp8fvenrrkth.jpeg?q=70
226,"REDMI A1 (Black, 32 GB)",8999,6351,4.3,4657,231,2 GB RAM , 32 GB ROM,Not available,16.56 cm (6.52 inch) Display,No Camera,5MP Rear Camera,5000,5000 mAh Battery,https://rukminim1.flixcart.com/image/312/312/xif0q/mobile/6/j/g/-original-imagkjwrwzztvye6.jpeg?q=70
227,"REDMI A1 (Light Green, 32 GB)",8999,6380,4.3,4657,231,2 GB RAM , 32 GB ROM,Not available,16.56 cm (6.52 inch) Display,No Camera,5MP Rear Camera,5000,5000 mAh Battery,https://rukminim1.flixcart.com/image/312/312/xif0q/mobile/b/l/p/-original-imagkjwrdh5pzrq6.jpeg?q=70
228,"REDMI A1 (Light Blue, 32 GB)",8999,6255,4.3,4657,231,2 GB RAM , 32 GB ROM,Not available,16.56 cm (6.52 inch) Display,No Camera,5MP Rear Camera,5000,5000 mAh Battery,https://rukminim1.flixcart.com/image/312/312/xif0q/mobile/b/h/v/-original-imagkjwrwzxy2ffx.jpeg?q=70
229,"REDMI Note 11 (Starburst White, 64 GB)",18999,12590,4.3,1087,90,6 GB RAM , 64 GB ROM,Not available,16.33 cm (6.43 inch) Display,No Camera,50MP Rear Camera,5000,5000 mAh Battery,https://rukminim1.flixcart.com/image/312/312/xif0q/mobile/m/e/y/-original-imagbgaqje2mygjm.jpeg?q=70
230,"REDMI Note 11 (Horizon Blue, 64 GB)",18999,12263,4.3,1087,90,6 GB RAM , 64 GB ROM,Not available,16.33 cm (6.43 inch) Display,No Camera,50MP Rear Camera,5000,5000 mAh Battery,https://rukminim1.flixcart.com/image/312/312/xif0q/mobile/w/i/h/-original-imaggghwgnzxzzvm.jpeg?q=70
231,"REDMI 10A (Charcoal Black, 64 GB)",8572,8349,4.2,6943,405,4 GB RAM , 64 GB ROM,Not available,16.59 cm (6.53 inch) Display,No Camera,13MP Rear Camera,5000,5000 mAh Battery,https://rukminim1.flixcart.com/image/312/312/xif0q/mobile/a/3/q/-original-imagdrghswubhh2p.jpeg?q=70
232,"REDMI 10A (Slate grey, 64 GB)",11999,8565,4.2,6943,405,4 GB RAM , 64 GB ROM,Not available,16.59 cm (6.53 inch) Display,No Camera,13MP Rear Camera,5000,5000 mAh Battery,https://rukminim1.flixcart.com/image/312/312/xif0q/mobile/c/p/m/-original-imagdrgp8pkbzccw.jpeg?q=70
233,"REDMI 10A (Sea Blue, 64 GB)",11999,8689,4.2,6943,405,4 GB RAM , 64 GB ROM,Not available,16.59 cm (6.53 inch) Display,No Camera,13MP Rear Camera,5000,5000 mAh Battery,https://rukminim1.flixcart.com/image/312/312/xif0q/mobile/a/7/a/-original-imagdrghghkneesf.jpeg?q=70
234,"realme Narzo 50 (Speed Black, 64 GB)",15999,11699,4.5,16080,1037,4 GB RAM , 64 GB ROM , Expandable Upto 256 GB,16.76 cm (6.6 inch) Full HD+ Display, 16MP Front Camera,50MP + 2MP + 2MP ,5000,Mediatek Helio G96 Processor,https://rukminim1.flixcart.com/image/312/312/l0bbonk0/shopsy-mobile/k/4/l/-original-imagc4qjnkzhty3h.jpeg?q=70
235,"REDMI 10A (Slate Grey, 32 GB)",10999,7399,4.1,1976,131,3 GB RAM , 32 GB ROM,Not available,16.59 cm (6.53 inch) Display,No Camera,13MP Rear Camera,5000,5000 mAh Battery,https://rukminim1.flixcart.com/image/312/312/xif0q/mobile/c/p/m/-original-imagdrgp8pkbzccw.jpeg?q=70
236,"SAMSUNG GALAXY M13 5G (Aqua Green, 64 GB)",16999,12583,4.1,336,17,4 GB RAM , 64 GB ROM,Not available,16.51 cm (6.5 inch) Display,No Camera,50MP Rear Camera,5000,5000 mAh Battery,https://rukminim1.flixcart.com/image/312/312/xif0q/mobile/z/u/a/-original-imagghcygdr6gngh.jpeg?q=70
237,"IQOO Z6 Lite 5G (Without Charger) (Mystic Night, 128 GB)",18999,16399,4.1,710,56,6 GB RAM , 128 GB ROM,Not available,16.97 cm (6.68 inch) Display,No Camera,50MP Rear Camera,5000,5000 mAh Battery,https://rukminim1.flixcart.com/image/312/312/xif0q/mobile/r/x/w/-original-imagg7zqqywe5hjk.jpeg?q=70
238,"IQOO Z6 Lite 5G (Without Charger) (Stellar Green, 128 GB)",18999,15990,4.1,710,56,6 GB RAM , 128 GB ROM,Not available,16.97 cm (6.68 inch) Display,No Camera,50MP Rear Camera,5000,5000 mAh Battery,https://rukminim1.flixcart.com/image/312/312/xif0q/mobile/1/c/s/z6-lite-5g-without-charger-i2208-old-iqoo-original-imaghgbhgzwfgkkg.jpeg?q=70
239,"REDMI 10A (Charcoal Black, 32 GB)",10999,7564,4.1,1976,131,3 GB RAM , 32 GB ROM,Not available,16.59 cm (6.53 inch) Display,No Camera,13MP Rear Camera,5000,5000 mAh Battery,https://rukminim1.flixcart.com/image/312/312/xif0q/mobile/a/3/q/-original-imagdrghswubhh2p.jpeg?q=70
240,"POCO M5 (Power Black, 128 GB)",18999,12599,4.3,1689,108,6 GB RAM , 128 GB ROM , Expandable Upto 512 GB,16.71 cm (6.58 inch) Full HD+ Display, 8MP Front Camera,50MP + 2MP Depth Sensor + 2MP Macro Sensor ,5000,Mediatek Helio G99 Processor,https://rukminim1.flixcart.com/image/312/312/xif0q/mobile/z/8/p/-original-imaghsptt8g6rjz9.jpeg?q=70
241,"REDMI Note 12 Pro 5G (Onyx Black, 128 GB)",27999,24999,4.3,10936,1190,6 GB RAM , 128 GB ROM,Not available,16.94 cm (6.67 inch) Full HD Display, 16MP Front Camera,50MP (OIS) + 8MP + 2MP ,5000,Mediatek Dimensity 1080 Processor,https://rukminim1.flixcart.com/image/312/312/xif0q/mobile/b/r/f/-original-imaghkvuhzwge3za.jpeg?q=70
242,LAVA A1 Josh 2021,1349,1069,4.1,7796,660,0 MB ROM , Expandable Upto 32 GB,Not available,4.5 cm (1.77 inch) Quarter QVGA Display,No Camera,800 mAh Li-ion Battery,1,800 mAh Li-ion Battery,https://rukminim1.flixcart.com/image/312/312/ksj9dow0/mobile/1/d/v/a1-josh-2021-lf1001-lava-original-imag62vfzav9ttrb.jpeg?q=70
243,Nokia 150 DS 2020,2799,2499,4.1,21415,1666,4 MB RAM , 4 MB ROM , Expandable Upto 32 GB,6.1 cm (2.4 inch) Display,No Camera,0.3MP Rear Camera,1020,MediaTek Processor,https://rukminim1.flixcart.com/image/312/312/kfmv9u80/mobile/w/z/q/nokia-150-2020-12gmnr21a01-original-imafwfqf6c9n7rhs.jpeg?q=70
244,"Infinix Note 12 (Jewel Blue, 64 GB)",15999,10999,4.2,25430,2529,4 GB RAM , 64 GB ROM , Expandable Upto 512 GB,17.02 cm (6.7 inch) Full HD+ AMOLED Display, 16MP Front Camera,50MP + 2MP Depth + AI Lens ,5000,MediaTek Helio G88 Processor,https://rukminim1.flixcart.com/image/312/312/l3929ow0/mobile/v/w/k/-original-imageezmre8ymznn.jpeg?q=70
245,"realme 10 Pro+ 5G (Dark Matter, 128 GB)",25999,24999,4.5,13397,1313,6 GB RAM , 128 GB ROM,Not available,17.02 cm (6.7 inch) Full HD+ Display, 16MP Front Camera,108MP + 8MP + 2MP ,5000,Mediatek Dimensity 1080 5G Processor,https://rukminim1.flixcart.com/image/312/312/xif0q/mobile/v/j/h/-original-imagkp8fvenrrkth.jpeg?q=70
246,"Infinix Note 12 (Force Black, 64 GB)",15999,10999,4.2,25430,2529,4 GB RAM , 64 GB ROM , Expandable Upto 512 GB,17.02 cm (6.7 inch) Full HD+ AMOLED Display, 16MP Front Camera,50MP + 2MP Depth + AI Lens ,5000,MediaTek Helio G88 Processor,https://rukminim1.flixcart.com/image/312/312/l3929ow0/mobile/x/l/a/-original-imageezmsz9z24at.jpeg?q=70
247,"vivo Y16 (Drizzling Gold, 32 GB)",12999,9999,4.3,1581,92,3 GB RAM , 32 GB ROM , Expandable Upto 1 TB,16.54 cm (6.51 inch) HD+ Display, 5MP Front Camera,13MP + 2MP ,5000,Mediatek Helio P35 Processor,https://rukminim1.flixcart.com/image/312/312/xif0q/mobile/r/d/p/-original-imaggcerdxgpxyh3.jpeg?q=70
248,"realme 10 (Rush Black, 64 GB)",15999,13999,4.4,4176,306,4 GB RAM , 64 GB ROM , Expandable Upto 1 TB,16.26 cm (6.4 inch) Full HD+ Display, 16MP Front Camera,50MP + 2MP ,5000,Mediatek Helio G99 Octa Core Processor,https://rukminim1.flixcart.com/image/312/312/xif0q/mobile/9/l/3/-original-imaghgcktmwxthzc.jpeg?q=70
249,"Infinix Note 12 (Jewel Blue, 128 GB)",17999,12999,4.2,12619,1210,6 GB RAM , 128 GB ROM , Expandable Upto 512 GB,17.02 cm (6.7 inch) Full HD+ AMOLED Display, 16MP Front Camera,50MP + 2MP Depth + AI Lens ,5000,MediaTek Helio G88 Processor,https://rukminim1.flixcart.com/image/312/312/l3929ow0/mobile/v/w/k/-original-imageezmre8ymznn.jpeg?q=70
250,"realme 10 Pro+ 5G (Nebula Blue, 128 GB)",25999,24999,4.5,13397,1313,6 GB RAM , 128 GB ROM,Not available,17.02 cm (6.7 inch) Full HD+ Display, 16MP Front Camera,108MP + 8MP + 2MP ,5000,Mediatek Dimensity 1080 5G Processor,https://rukminim1.flixcart.com/image/312/312/xif0q/mobile/i/y/j/-original-imagkp8fpw35uygd.jpeg?q=70
251,"realme 10 (Clash White, 64 GB)",15999,13999,4.4,4176,306,4 GB RAM , 64 GB ROM , Expandable Upto 1 TB,16.26 cm (6.4 inch) Full HD+ Display, 16MP Front Camera,50MP + 2MP ,5000,Mediatek Helio G99 Octa Core Processor,https://rukminim1.flixcart.com/image/312/312/xif0q/mobile/1/7/l/-original-imaghgcj2z5cfugg.jpeg?q=70
252,"realme 10 Pro+ 5G (Hyperspace, 128 GB)",25999,24999,4.5,13397,1313,6 GB RAM , 128 GB ROM,Not available,17.02 cm (6.7 inch) Full HD+ Display, 16MP Front Camera,108MP + 8MP + 2MP ,5000,Mediatek Dimensity 1080 5G Processor,https://rukminim1.flixcart.com/image/312/312/xif0q/mobile/3/q/k/-original-imagkp8f9vrfqtfg.jpeg?q=70
253,"realme Narzo 50 (Speed Black, 128 GB)",17999,15499,4.4,7807,573,6 GB RAM , 128 GB ROM , Expandable Upto 256 GB,16.76 cm (6.6 inch) Full HD+ Display, 16MP Front Camera,50MP + 2MP + 2MP ,5000,Mediatek Helio G96 Processor,https://rukminim1.flixcart.com/image/312/312/l0bbonk0/shopsy-mobile/k/4/l/-original-imagc4qjnkzhty3h.jpeg?q=70
254,"POCO M4 Pro (Yellow, 128 GB)",21999,14999,4.3,14564,1264,8 GB RAM , 128 GB ROM , Expandable Upto 1 TB,16.33 cm (6.43 inch) Full HD+ AMOLED Display, 16MP Front Camera,64MP + 8MP + 2MP ,5000,Mediatek Helio G96 Processor,https://rukminim1.flixcart.com/image/312/312/l0fm07k0/mobile/a/6/b/-original-imagc7tdwfp2gz4h.jpeg?q=70
255,"vivo Y15s (Wave Green, 32 GB)",13990,9499,4.3,3859,285,3 GB RAM , 32 GB ROM , Expandable Upto 1 TB,16.54 cm (6.51 inch) HD+ Display, 8MP Front Camera,13MP + 2MP ,5000,Mediatek Helio P35 Processor,https://rukminim1.flixcart.com/image/312/312/xif0q/mobile/s/f/b/-original-imagjdmzybggs9sh.jpeg?q=70
256,"realme Narzo 50i Prime (Dark Blue, 64 GB)",9999,8669,4.2,87,6,4 GB RAM , 64 GB ROM,Not available,16.51 cm (6.5 inch) Display, 5MP Front Camera,8MP Rear Camera ,5000,Unisoc T612 processor Processor,https://rukminim1.flixcart.com/image/312/312/xif0q/mobile/6/a/n/50i-prime-rmx3506-realme-original-imagkzuhpcmw5zyt.jpeg?q=70
257,"Redmi 10 Prime (Phantom Black, 128 GB)",15999,13495,3.9,21,1,6 GB RAM , 128 GB ROM,Not available,16.51 cm (6.5 inch) Display,No Camera,8MP Rear Camera,6000,6000 mAh Battery,https://rukminim1.flixcart.com/image/312/312/ktbu6q80/mobile/s/j/e/10-prime-10-redmi-original-imag6pbabybzmrhn.jpeg?q=70
258,"MOTOROLA e32 (Eco Black, 64 GB)",11999,8999,4,1317,117,4 GB RAM , 64 GB ROM , Expandable Upto 1 TB,16.51 cm (6.5 inch) HD+ Display, 8MP Front Camera,50MP + 2MP ,5000,Mediatek Helio G37 Processor,https://rukminim1.flixcart.com/image/312/312/xif0q/mobile/j/w/v/-original-imaggsezzjzfcg4h.jpeg?q=70
259,"Infinix HOT 20 5G (Blaster Green, 64 GB)",17999,11499,4.3,3941,314,4 GB RAM , 64 GB ROM , Expandable Upto 1 TB,16.76 cm (6.6 inch) Full HD+ Display, 8MP Front Camera,50MP + AI Lens ,5000,Dimensity 810 Processor,https://rukminim1.flixcart.com/image/312/312/xif0q/mobile/k/p/x/-original-imagkgrxkp7ww4kz.jpeg?q=70
260,SAMSUNG Guru Music 2,2499,2074,4.3,199696,18505,NA ROM,Not available,Not available,5.08 cm (2 inch) NA Display,No Camera,800 mAh Battery,0,0 0 0 208MHz Processor,https://rukminim1.flixcart.com/image/312/312/klphn680/mobile/h/b/f/guru-music-2-sm-b310ezbdins-samsung-original-imagyrzk4r4gmjvf.jpeg?q=70
261,itel It2171,1149,999,4.1,4294,376,32 MB RAM , 32 MB ROM , Expandable Upto 32 GB,4.57 cm (1.8 inch) Quarter QVGA Display,No Camera,0.3MP Rear Camera,1000,1000 mAh Battery,https://rukminim1.flixcart.com/image/312/312/kw104nk0/mobile/w/d/h/-original-imag8shvhvhwhush.jpeg?q=70
262,"APPLE iPhone 14 (Blue, 256 GB)",89900,75999,4.7,18605,790,256 GB ROM,Not available,Not available,15.49 cm (6.1 inch) Super Retina XDR Display, 12MP Front Camera,12MP + 12MP ,Not available,"A15 Bionic Chip, 6 Core Processor Processor",https://rukminim1.flixcart.com/image/312/312/xif0q/mobile/3/5/l/-original-imaghx9qmgqsk9s4.jpeg?q=70
263,"POCO X5 Pro 5G (Yellow, 128 GB)",25999,22999,4.4,1985,244,6 GB RAM , 128 GB ROM,Not available,16.94 cm (6.67 inch) Full HD+ Display, 16MP Front Camera,108MP + 8MP + 2MP ,5000,Qualcomm Snapdragon 778G Processor,https://rukminim1.flixcart.com/image/312/312/xif0q/mobile/d/s/8/-original-imagmkjf9wqjurgf.jpeg?q=70
264,"Infinix Hot 20 5G (Racing Black, 128 GB)",19999,13499,4.1,1352,125,6 GB RAM , 128 GB ROM , Expandable Upto 1 TB,16.76 cm (6.6 inch) Full HD+ Display, 8MP Front Camera,50MP + AI Lens ,5000,Dimensity 810 Processor,https://rukminim1.flixcart.com/image/312/312/xif0q/mobile/x/u/0/-original-imaghgmfk2xghtrg.jpeg?q=70
265,"realme C11 2021 (Cool Blue, 64 GB)",9999,8999,4.3,207284,11041,4 GB RAM , 64 GB ROM , Expandable Upto 256 GB,16.51 cm (6.5 inch) HD+ Display, 5MP Front Camera,8MP Rear Camera ,5000,Octa-core Processor,https://rukminim1.flixcart.com/image/312/312/kqjtd3k0/mobile/o/4/x/c11-2021-rmx3231-realme-original-imag4j4yrdt7d9cj.jpeg?q=70
266,"realme C11 2021 (Cool Grey, 64 GB)",9999,8999,4.3,207284,11041,4 GB RAM , 64 GB ROM , Expandable Upto 256 GB,16.51 cm (6.5 inch) HD+ Display, 5MP Front Camera,8MP Rear Camera ,5000,Octa-core Processor,https://rukminim1.flixcart.com/image/312/312/kqjtd3k0/mobile/s/b/8/c11-2021-rmx3231-realme-original-imag4j4xkqchhfxk.jpeg?q=70
267,SAMSUNG Guru Music 2,2499,2074,4.3,199696,18505,NA ROM , Expandable Upto 16 GB,Not available,5.08 cm (2 inch) QVGA Display,No Camera,0MP Front Camera,800,NA 0 Single Core 208MHz Processor,https://rukminim1.flixcart.com/image/312/312/kxdl3m80/mobile/h/3/r/guru-music-2-blue-sm-b315-samsung-original-imag9ungdzcughek.jpeg?q=70
268,"OPPO F19s (Glowing Gold, 128 GB)",22990,15990,4.5,10278,563,6 GB RAM , 128 GB ROM , Expandable Upto 256 GB,16.33 cm (6.43 inch) Full HD+ Display, 16MP Front Camera,48MP + 2MP + 2MP ,5000,Qualcomm Snapdragon 662 Processor,https://rukminim1.flixcart.com/image/312/312/ku1k4280/mobile/j/x/v/f19s-cph2223-oppo-original-imag78zafhg3w69x.jpeg?q=70
269,"MOTOROLA Edge 30 (Meteor Grey, 128 GB)",34999,24999,4.1,4690,658,8 GB RAM , 128 GB ROM,Not available,16.64 cm (6.55 inch) Full HD+ Display, 32MP Front Camera,50MP + 50MP + 2MP ,4020,Qualcomm Snapdragon 778G Plus Processor,https://rukminim1.flixcart.com/image/312/312/l2xmqvk0/mobile/o/r/n/-original-image674ydfks6se.jpeg?q=70
270,"REDMI Note 11 SE (Cosmic White, 64 GB)",16999,11999,4.3,41105,2562,6 GB RAM , 64 GB ROM , Expandable Upto 512 GB,16.33 cm (6.43 inch) Full HD+ Display, 13MP Front Camera,64MP + 8MP + 2MP + 2MP ,5000,Mediatek Helio G95 Octa Core Processor,https://rukminim1.flixcart.com/image/312/312/xif0q/mobile/r/7/s/-original-imaghh2fmnzyzn2g.jpeg?q=70
271,"IQOO Z6 44W (Raven Black, 128 GB)",20999,16225,4.2,966,68,6 GB RAM , 128 GB ROM,Not available,16.36 cm (6.44 inch) Display, 16MP + 16MP Dual Front Camera,50MP + 50MP + 2MP + 2MP ,5000,5000 mAh Battery,https://rukminim1.flixcart.com/image/312/312/xif0q/mobile/a/z/i/-original-imagg5y3qpz8zzzt.jpeg?q=70
272,"realme 9i 5G (Rocking Black, 128 GB)",19999,16999,4.3,5680,411,6 GB RAM , 128 GB ROM , Expandable Upto 1 TB,16.76 cm (6.6 inch) Full HD+ Display, 8MP Front Camera,50MP + 2MP + 2MP ,5000,Mediatek Dimensity 810 5G Processor,https://rukminim1.flixcart.com/image/312/312/xif0q/mobile/o/b/a/-original-imaghbequzj25wy2.jpeg?q=70
273,"POCO M5 (Icy Blue, 64 GB)",15999,10999,4.3,3296,249,4 GB RAM , 64 GB ROM , Expandable Upto 512 GB,16.71 cm (6.58 inch) Full HD+ Display, 8MP Front Camera,50MP + 2MP Depth Sensor + 2MP Macro Sensor ,5000,Mediatek Helio G99 Processor,https://rukminim1.flixcart.com/image/312/312/xif0q/mobile/s/s/a/-original-imaghsptxpgsqqry.jpeg?q=70
274,"SAMSUNG GALAXY M13 (Aqua Green, 64 GB)",14999,11999,4.2,2657,170,4 GB RAM , 64 GB ROM,Not available,16.76 cm (6.6 inch) Display,No Camera,50MP Rear Camera,6000,6000 mAh Battery,https://rukminim1.flixcart.com/image/312/312/xif0q/mobile/2/p/g/-original-imagkn6dk4pbcf4d.jpeg?q=70
275,"APPLE iPhone 14 (Starlight, 256 GB)",89900,75999,4.7,18605,790,256 GB ROM,Not available,Not available,15.49 cm (6.1 inch) Super Retina XDR Display, 12MP Front Camera,12MP + 12MP ,Not available,"A15 Bionic Chip, 6 Core Processor Processor",https://rukminim1.flixcart.com/image/312/312/xif0q/mobile/m/o/b/-original-imaghx9qkugtbfrn.jpeg?q=70
276,"MOTOROLA g22 (Mint Green, 64 GB)",13999,10999,3.8,30428,3541,4 GB RAM , 64 GB ROM , Expandable Upto 1 TB,16.51 cm (6.5 inch) HD+ Display, 16MP Front Camera,50MP + 8MP + 2MP + 2MP ,5000,Mediatek Helio G37 Processor,https://rukminim1.flixcart.com/image/312/312/l1qrjbk0/mobile/o/k/c/-original-imagd8pybgzxdk6h.jpeg?q=70
277,Micromax J22,1599,1225,3.8,313,25,32 MB RAM , 32 MB ROM,Not available,6.1 cm (2.4 inch) Display,No Camera,1000 mAh Battery,1,1000 mAh Battery,https://rukminim1.flixcart.com/image/312/312/xif0q/mobile/h/h/9/j22-j22-micromax-original-imagg9jryfkhsg2v.jpeg?q=70
278,"OPPO A77s (Sunset Orange, 128 GB)",22999,17999,4.3,342,28,8 GB RAM , 128 GB ROM , Expandable Upto 1 TB,16.66 cm (6.56 inch) HD+ Display, 8MP Front Camera,50MP + 2MP ,5000,Qualcomm Snapdragon 680 Processor,https://rukminim1.flixcart.com/image/312/312/xif0q/mobile/i/g/y/-original-imaggm3zczfkgxea.jpeg?q=70
279,"vivo T1 5G (Starlight Black, 128 GB)",19990,15990,4.3,64741,5118,4 GB RAM , 128 GB ROM , Expandable Upto 1 TB,16.71 cm (6.58 inch) Full HD+ Display, 16MP Front Camera,50MP + 2MP + 2MP ,5000,Qualcomm Snapdragon 695 Processor,https://rukminim1.flixcart.com/image/312/312/kzd147k0/mobile/d/1/b/-original-imagbe5qddy9xr6y.jpeg?q=70
280,"vivo T1 5G (Rainbow Fantasy, 128 GB)",20990,16990,4.4,169124,12809,6 GB RAM , 128 GB ROM , Expandable Upto 1 TB,16.71 cm (6.58 inch) Full HD+ Display, 16MP Front Camera,50MP + 2MP + 2MP ,5000,Qualcomm Snapdragon 695 Processor,https://rukminim1.flixcart.com/image/312/312/kzd147k0/mobile/m/c/f/-original-imagbe5qknarjywp.jpeg?q=70
281,"REDMI Note 12 Pro 5G (Stardust Purple, 256 GB)",31999,27999,4.3,4548,479,8 GB RAM , 256 GB ROM,Not available,16.94 cm (6.67 inch) Full HD Display, 16MP Front Camera,50MP (OIS) + 8MP + 2MP ,5000,Mediatek Dimensity 1080 Processor,https://rukminim1.flixcart.com/image/312/312/xif0q/mobile/r/o/o/-original-imaghkvuzxkcna4n.jpeg?q=70
282,"Infinix Note 12 Pro (Volcanic Grey, 256 GB)",21999,14999,4.2,4291,470,8 GB RAM , 256 GB ROM , Expandable Upto 2 TB,17.02 cm (6.7 inch) Full HD+ AMOLED Display, 16MP Front Camera,108MP + 2MP Depth Lens + AI lens ,5000,Mediatek Helio G99 Processor,https://rukminim1.flixcart.com/image/312/312/xif0q/mobile/l/n/k/-original-imaghh2fdhsasbdh.jpeg?q=70
283,"vivo Y21 (Diamond Glow, 64 GB)",17990,12959,4.3,14665,1094,4 GB RAM , 64 GB ROM , Expandable Upto 1 TB,16.54 cm (6.51 inch) HD+ Display, 8MP Front Camera,13MP + 2MP ,5000,Mediatek Helio P35 Processor,https://rukminim1.flixcart.com/image/312/312/ksj9dow0/mobile/g/i/o/y21-v2111-vivo-original-imag627uhcnzx7mn.jpeg?q=70
284,"REDMI Note 12 Pro 5G (Stardust Purple, 128 GB)",27999,24999,4.3,10936,1190,6 GB RAM , 128 GB ROM,Not available,16.94 cm (6.67 inch) Full HD Display, 16MP Front Camera,50MP (OIS) + 8MP + 2MP ,5000,Mediatek Dimensity 1080 Processor,https://rukminim1.flixcart.com/image/312/312/xif0q/mobile/r/o/o/-original-imaghkvuzxkcna4n.jpeg?q=70
285,"Infinix Note 12 Pro 5G (Force Black, 128 GB)",24999,17199,4.1,20522,2534,8 GB RAM , 128 GB ROM , Expandable Upto 2 TB,17.02 cm (6.7 inch) Full HD+ AMOLED Display, 16MP Front Camera,108MP + 2MP (Depth) + 2MP (Macro) ,5000,Mediatek Dimensity 810 5G Processor,https://rukminim1.flixcart.com/image/312/312/l5bd5zk0/mobile/h/5/r/-original-imaggygkfcg6vmad.jpeg?q=70
286,Micromax X412,1499,960,3.9,15075,1297,32 MB RAM , 32 MB ROM,Not available,4.5 cm (1.77 inch) Display,No Camera,1MP Rear Camera,800,800 mAh Battery,https://rukminim1.flixcart.com/image/312/312/jz7az680pkrrdj/mobile/z/m/z/micromax-x412-x412-original-imafgwgsn9kcywzg.jpeg?q=70
287,itel Ace 2,999,899,4,759,73,4 MB RAM , 4 MB ROM , Expandable Upto 32 GB,4.57 cm (1.8 inch) Quarter QVGA Display,No Camera,0MP Front Camera,1000,Spreadtrum Processor,https://rukminim1.flixcart.com/image/312/312/l0zm64w0/mobile/s/o/6/-original-imagcnvd28rmybhh.jpeg?q=70
